series_id,n_train,n_validation,n_test,fitted,val_selected,mean_abs_revision_pp,share_sign_flip,B0_MAE,B0_RMSE,B1_MAE,B1_RMSE,B2_MAE,B2_RMSE,B3_MAE,B3_RMSE
AMTMNO,0,19,81,False,B0,0.7795,0.1728,0.7795,0.963,0.7795,0.963,0.7795,0.963,0.7795,0.963
BUSINV,110,47,81,True,B2,0.157,0.1111,0.157,0.2067,0.1582,0.2094,0.151,0.1987,0.151,0.1987
CPIAUCNS,684,48,81,True,B0,0.0002,0.0,0.0002,0.001,0.0009,0.0012,0.0038,0.0049,0.0002,0.001
CPIAUCSL,180,48,81,True,B2,0.0633,0.037,0.0633,0.0798,0.0634,0.0799,0.0616,0.0743,0.0616,0.0743
CPILFESL,111,48,81,True,B2,0.0448,0.0,0.0448,0.0549,0.0448,0.055,0.0392,0.0532,0.0392,0.0532
DGORDER,79,48,81,True,B2,1.4372,0.2222,1.4372,1.8085,1.4366,1.8075,1.4702,1.8544,1.4702,1.8544
ISRATIO,106,47,81,True,B0,0.4713,0.3333,0.4713,0.6855,0.489,0.6798,0.5401,0.7589,0.4713,0.6855
MRTSSM44X72USS,0,0,60,False,B0,0.503,0.1667,0.503,0.8512,0.503,0.8512,0.503,0.8512,0.503,0.8512
NEWORDER,108,48,81,True,B2,1.0008,0.2716,1.0008,1.266,1.002,1.265,1.027,1.3186,1.027,1.3186
PPIACO,109,47,81,True,B2,0.2022,0.0617,0.2022,0.3391,0.2036,0.3396,0.1992,0.3339,0.1992,0.3339
PPIFIS,0,0,81,False,B0,0.1464,0.1852,0.1464,0.1844,0.1464,0.1844,0.1464,0.1844,0.1464,0.1844
RSAFS,56,47,81,True,B1,0.5037,0.2346,0.5037,0.6756,0.4906,0.6632,0.4977,0.6959,0.4906,0.6632
RSAFSNA,56,47,81,True,B1,0.5588,0.037,0.5588,0.713,0.5565,0.7037,0.5508,0.6927,0.5565,0.7037
RSXFS,56,47,81,True,B0,0.5352,0.2469,0.5352,0.7516,0.526,0.7435,0.5238,0.7302,0.5352,0.7516
TOTBUSSMSA,0,0,81,False,B0,0.3397,0.0988,0.3397,0.4616,0.3397,0.4616,0.3397,0.4616,0.3397,0.4616
TSIFRGHT,0,0,80,False,B0,0.7203,0.2625,0.7203,1.1036,0.7203,1.1036,0.7203,1.1036,0.7203,1.1036
TSITTL,0,0,75,False,B0,0.9019,0.3067,0.9019,1.7336,0.9019,1.7336,0.9019,1.7336,0.9019,1.7336
