release_cluster_id,release_program,vintage_date,series,n_events,event_ids,proposed_causes,proposed_rules,earliest_revised_obs,max_depth_months,any_depth_censored,max_mean_abs_pct_revision,any_rebase_like
FDC-CPI-19510302,CPI,1951-03-02,CPIAUCNS,1,FD-CPIAUCNS-19510302,unclassified,R90_UNCLASSIFIED,1950-01-01,14.0,False,0.519033,False
FDC-CPI-19530227,CPI,1953-02-27,CPIAUCNS,1,FD-CPIAUCNS-19530227,unclassified,R90_UNCLASSIFIED,1947-01-01,73.0,True,40.06355,False
FDC-CPI-19620228,CPI,1962-02-28,CPIAUCNS,1,FD-CPIAUCNS-19620228,rebase_or_definition,R02_REBASE,1947-01-01,181.0,True,18.49794,True
FDC-CPI-19710219,CPI,1971-02-19,CPIAUCNS,1,FD-CPIAUCNS-19710219,rebase_or_definition,R02_REBASE,1947-01-01,289.0,True,14.015591,True
FDC-CPI-19720121,CPI,1972-01-21,CPIAUCNS,1,FD-CPIAUCNS-19720121,unclassified,R90_UNCLASSIFIED,1971-08-01,5.0,False,0.136121,False
FDC-CPI-19730522,CPI,1973-05-22,CPIAUCSL,1,FD-CPIAUCSL-19730522,unclassified,R90_UNCLASSIFIED,1971-10-01,19.0,True,0.031833,False
FDC-CPI-19740521,CPI,1974-05-21,CPIAUCSL,1,FD-CPIAUCSL-19740521,unclassified,R90_UNCLASSIFIED,1972-11-01,18.0,True,0.028934,False
FDC-CPI-19741022,CPI,1974-10-22,CPIAUCSL,1,FD-CPIAUCSL-19741022,unclassified,R90_UNCLASSIFIED,1974-08-01,2.0,False,0.006665,False
FDC-CPI-19741220,CPI,1974-12-20,CPIAUCNS;CPIAUCSL,2,FD-CPIAUCNS-19741220;FD-CPIAUCSL-19741220,unclassified,R90_UNCLASSIFIED,1974-04-01,8.0,False,0.134047,False
FDC-CPI-19750521,CPI,1975-05-21,CPIAUCSL,1,FD-CPIAUCSL-19750521,unclassified,R90_UNCLASSIFIED,1973-10-01,19.0,True,0.0699,False
FDC-CPI-19760220,CPI,1976-02-20,CPIAUCSL,1,FD-CPIAUCSL-19760220,seasonal_factor_recompute,R10_BLS_SA_FEB,1974-07-01,19.0,True,0.054324,False
FDC-CPI-19770218,CPI,1977-02-18,CPIAUCSL,1,FD-CPIAUCSL-19770218,seasonal_factor_recompute,R10_BLS_SA_FEB,1975-08-01,18.0,True,0.076411,False
FDC-CPI-19780227,CPI,1978-02-27,CPIAUCSL,1,FD-CPIAUCSL-19780227,seasonal_factor_recompute,R10_BLS_SA_FEB,1976-07-01,19.0,True,0.061917,False
FDC-CPI-19790223,CPI,1979-02-23,CPIAUCSL,1,FD-CPIAUCSL-19790223,seasonal_factor_recompute,R10_BLS_SA_FEB,1977-07-01,19.0,True,0.093953,False
FDC-CPI-19800222,CPI,1980-02-22,CPIAUCSL,1,FD-CPIAUCSL-19800222,seasonal_factor_recompute,R10_BLS_SA_FEB,1978-07-01,19.0,True,0.101981,False
FDC-CPI-19810225,CPI,1981-02-25,CPIAUCSL,1,FD-CPIAUCSL-19810225,seasonal_factor_recompute,R10_BLS_SA_FEB,1979-07-01,19.0,True,0.083654,False
FDC-CPI-19820225,CPI,1982-02-25,CPIAUCSL,1,FD-CPIAUCSL-19820225,seasonal_factor_recompute,R10_BLS_SA_FEB,1980-07-01,19.0,True,0.050271,False
FDC-CPI-19830225,CPI,1983-02-25,CPIAUCSL,1,FD-CPIAUCSL-19830225,seasonal_factor_recompute,R10_BLS_SA_FEB,1981-07-01,19.0,True,0.088649,False
FDC-CPI-19840224,CPI,1984-02-24,CPIAUCSL,1,FD-CPIAUCSL-19840224,seasonal_factor_recompute,R10_BLS_SA_FEB,1982-08-01,18.0,True,0.10494,False
FDC-CPI-19850226,CPI,1985-02-26,CPIAUCSL,1,FD-CPIAUCSL-19850226,seasonal_factor_recompute,R10_BLS_SA_FEB,1983-07-01,19.0,True,0.054126,False
FDC-CPI-19860225,CPI,1986-02-25,CPIAUCSL,1,FD-CPIAUCSL-19860225,unclassified,R90_UNCLASSIFIED,1984-10-01,16.0,False,0.042345,False
FDC-CPI-19870227,CPI,1987-02-27,CPIAUCSL,1,FD-CPIAUCSL-19870227,seasonal_factor_recompute,R10_BLS_SA_FEB,1985-07-01,19.0,True,0.066922,False
FDC-CPI-19880226,CPI,1988-02-26,CPIAUCNS;CPIAUCSL,2,FD-CPIAUCNS-19880226;FD-CPIAUCSL-19880226,rebase_or_definition,R02_REBASE,1947-01-01,493.0,True,66.624627,True
FDC-CPI-19890222,CPI,1989-02-22,CPIAUCSL,1,FD-CPIAUCSL-19890222,seasonal_factor_recompute,R10_BLS_SA_FEB,1987-07-01,19.0,True,0.098534,False
FDC-CPI-19900221,CPI,1990-02-21,CPIAUCSL,1,FD-CPIAUCSL-19900221,unclassified,R90_UNCLASSIFIED,1989-05-01,9.0,False,0.100452,False
FDC-CPI-19910220,CPI,1991-02-20,CPIAUCSL,1,FD-CPIAUCSL-19910220,seasonal_factor_recompute,R10_BLS_SA_FEB,1989-08-01,18.0,True,0.082945,False
FDC-CPI-19920219,CPI,1992-02-19,CPIAUCSL,1,FD-CPIAUCSL-19920219,seasonal_factor_recompute,R10_BLS_SA_FEB,1990-07-01,19.0,True,0.087548,False
FDC-CPI-19930218,CPI,1993-02-18,CPIAUCSL,1,FD-CPIAUCSL-19930218,seasonal_factor_recompute,R10_BLS_SA_FEB,1991-07-01,19.0,True,0.077433,False
FDC-CPI-19940217,CPI,1994-02-17,CPIAUCSL,1,FD-CPIAUCSL-19940217,seasonal_factor_recompute,R10_BLS_SA_FEB,1992-06-01,20.0,True,0.100018,False
FDC-CPI-19950215,CPI,1995-02-15,CPIAUCSL,1,FD-CPIAUCSL-19950215,seasonal_factor_recompute,R10_BLS_SA_FEB,1990-01-01,61.0,False,0.070631,False
FDC-CPI-19960228,CPI,1996-02-28,CPIAUCSL,1,FD-CPIAUCSL-19960228,seasonal_factor_recompute,R10_BLS_SA_FEB,1991-03-01,59.0,False,0.068584,False
FDC-CPI-19970219,CPI,1997-02-19,CPIAUCSL;CPILFESL,2,FD-CPIAUCSL-19970219;FD-CPILFESL-19970219,seasonal_factor_recompute,R10_BLS_SA_FEB,1992-02-01,60.0,False,0.069201,False
FDC-CPI-19980224,CPI,1998-02-24,CPIAUCSL;CPILFESL,2,FD-CPIAUCSL-19980224;FD-CPILFESL-19980224,seasonal_factor_recompute,R10_BLS_SA_FEB,1993-03-01,59.0,False,0.065252,False
FDC-CPI-19990219,CPI,1999-02-19,CPIAUCSL;CPILFESL,2,FD-CPIAUCSL-19990219;FD-CPILFESL-19990219,seasonal_factor_recompute,R10_BLS_SA_FEB,1994-02-01,60.0,False,0.063624,False
FDC-CPI-20000218,CPI,2000-02-18,CPIAUCSL;CPILFESL,2,FD-CPIAUCSL-20000218;FD-CPILFESL-20000218,seasonal_factor_recompute,R10_BLS_SA_FEB,1995-04-01,58.0,False,0.061792,False
FDC-CPI-20000928,CPI,2000-09-28,CPIAUCNS;CPIAUCSL;CPILFESL,3,FD-CPIAUCNS-20000928;FD-CPIAUCSL-20000928;FD-CPILFESL-20000928,unclassified,R90_UNCLASSIFIED,2000-01-01,8.0,False,0.082966,False
FDC-CPI-20010221,CPI,2001-02-21,CPIAUCSL;CPILFESL,2,FD-CPIAUCSL-20010221;FD-CPILFESL-20010221,seasonal_factor_recompute,R10_BLS_SA_FEB,1996-01-01,61.0,False,0.069438,False
FDC-CPI-20020220,CPI,2002-02-20,CPIAUCSL;CPILFESL,2,FD-CPIAUCSL-20020220;FD-CPILFESL-20020220,unclassified,R90_UNCLASSIFIED,1987-01-01,181.0,False,0.14226,False
FDC-CPI-20030221,CPI,2003-02-21,CPIAUCSL;CPILFESL,2,FD-CPIAUCSL-20030221;FD-CPILFESL-20030221,seasonal_factor_recompute,R10_BLS_SA_FEB,1998-02-01,60.0,False,0.063856,False
FDC-CPI-20040220,CPI,2004-02-20,CPIAUCSL;CPILFESL,2,FD-CPIAUCSL-20040220;FD-CPILFESL-20040220,seasonal_factor_recompute,R10_BLS_SA_FEB,1999-02-01,60.0,False,0.056137,False
FDC-CPI-20050218,CPI,2005-02-18,CPIAUCSL;CPILFESL,2,FD-CPIAUCSL-20050218;FD-CPILFESL-20050218,seasonal_factor_recompute,R10_BLS_SA_FEB,2000-01-01,61.0,False,0.05802,False
FDC-CPI-20060217,CPI,2006-02-17,CPIAUCSL;CPILFESL,2,FD-CPIAUCSL-20060217;FD-CPILFESL-20060217,seasonal_factor_recompute,R10_BLS_SA_FEB,2001-03-01,59.0,False,0.063868,False
FDC-CPI-20070216,CPI,2007-02-16,CPIAUCSL;CPILFESL,2,FD-CPIAUCSL-20070216;FD-CPILFESL-20070216,seasonal_factor_recompute,R10_BLS_SA_FEB,2002-03-01,59.0,False,0.062931,False
FDC-CPI-20080215,CPI,2008-02-15,CPIAUCSL;CPILFESL,2,FD-CPIAUCSL-20080215;FD-CPILFESL-20080215,seasonal_factor_recompute,R10_BLS_SA_FEB,2003-01-01,61.0,False,0.142401,False
FDC-CPI-20090218,CPI,2009-02-18,CPIAUCSL;CPILFESL,2,FD-CPIAUCSL-20090218;FD-CPILFESL-20090218,seasonal_factor_recompute,R10_BLS_SA_FEB,2004-01-01,61.0,False,0.087253,False
FDC-CPI-20100217,CPI,2010-02-17,CPIAUCSL;CPILFESL,2,FD-CPIAUCSL-20100217;FD-CPILFESL-20100217,seasonal_factor_recompute,R10_BLS_SA_FEB,2005-01-01,61.0,False,0.084219,False
FDC-CPI-20110215,CPI,2011-02-15,CPIAUCSL;CPILFESL,2,FD-CPIAUCSL-20110215;FD-CPILFESL-20110215,seasonal_factor_recompute,R10_BLS_SA_FEB,2006-01-01,61.0,False,0.026092,False
FDC-CPI-20120215,CPI,2012-02-15,CPIAUCSL;CPILFESL,2,FD-CPIAUCSL-20120215;FD-CPILFESL-20120215,seasonal_factor_recompute,R10_BLS_SA_FEB,2007-01-01,61.0,False,0.050758,False
FDC-CPI-20130219,CPI,2013-02-19,CPIAUCSL;CPILFESL,2,FD-CPIAUCSL-20130219;FD-CPILFESL-20130219,seasonal_factor_recompute,R10_BLS_SA_FEB,2008-01-01,61.0,False,0.032432,False
FDC-CPI-20140218,CPI,2014-02-18,CPIAUCSL;CPILFESL,2,FD-CPIAUCSL-20140218;FD-CPILFESL-20140218,seasonal_factor_recompute,R10_BLS_SA_FEB,2009-01-01,61.0,False,0.037523,False
FDC-CPI-20150220,CPI,2015-02-20,CPIAUCSL;CPILFESL,2,FD-CPIAUCSL-20150220;FD-CPILFESL-20150220,seasonal_factor_recompute,R10_BLS_SA_FEB,2010-01-01,61.0,False,0.03971,False
FDC-CPI-20160219,CPI,2016-02-19,CPIAUCSL;CPILFESL,2,FD-CPIAUCSL-20160219;FD-CPILFESL-20160219,seasonal_factor_recompute,R10_BLS_SA_FEB,2011-01-01,61.0,False,0.060834,False
FDC-CPI-20161018,CPI,2016-10-18,CPIAUCNS;CPIAUCSL;CPILFESL,3,FD-CPIAUCNS-20161018;FD-CPIAUCSL-20161018;FD-CPILFESL-20161018,unclassified,R90_UNCLASSIFIED,2016-05-01,5.0,False,0.006765,False
FDC-CPI-20170213,CPI,2017-02-13,CPIAUCSL;CPILFESL,2,FD-CPIAUCSL-20170213;FD-CPILFESL-20170213,seasonal_factor_recompute,R10_BLS_SA_FEB,2012-01-01,61.0,False,0.031033,False
FDC-CPI-20180214,CPI,2018-02-14,CPIAUCSL;CPILFESL,2,FD-CPIAUCSL-20180214;FD-CPILFESL-20180214,seasonal_factor_recompute,R10_BLS_SA_FEB,2013-01-01,61.0,False,0.038245,False
FDC-CPI-20190211,CPI,2019-02-11,CPIAUCSL;CPILFESL,2,FD-CPIAUCSL-20190211;FD-CPILFESL-20190211,seasonal_factor_recompute,R10_BLS_SA_FEB,2014-01-01,61.0,False,0.028146,False
FDC-CPI-20200211,CPI,2020-02-11,CPIAUCSL;CPILFESL,2,FD-CPIAUCSL-20200211;FD-CPILFESL-20200211,seasonal_factor_recompute,R10_BLS_SA_FEB,2015-01-01,61.0,False,0.022512,False
FDC-CPI-20210208,CPI,2021-02-08,CPIAUCSL;CPILFESL,2,FD-CPIAUCSL-20210208;FD-CPILFESL-20210208,seasonal_factor_recompute,R10_BLS_SA_FEB,2016-01-01,61.0,False,0.051341,False
FDC-CPI-20220208,CPI,2022-02-08,CPIAUCSL;CPILFESL,2,FD-CPIAUCSL-20220208;FD-CPILFESL-20220208,seasonal_factor_recompute,R10_BLS_SA_FEB,2017-01-01,61.0,False,0.032985,False
FDC-CPI-20230210,CPI,2023-02-10,CPIAUCSL;CPILFESL,2,FD-CPIAUCSL-20230210;FD-CPILFESL-20230210,seasonal_factor_recompute,R10_BLS_SA_FEB,2018-01-01,61.0,False,0.077697,False
FDC-CPI-20240209,CPI,2024-02-09,CPIAUCSL;CPILFESL,2,FD-CPIAUCSL-20240209;FD-CPILFESL-20240209,seasonal_factor_recompute,R10_BLS_SA_FEB,2019-01-01,61.0,False,0.034888,False
FDC-CPI-20250212,CPI,2025-02-12,CPIAUCSL;CPILFESL,2,FD-CPIAUCSL-20250212;FD-CPILFESL-20250212,seasonal_factor_recompute,R10_BLS_SA_FEB,2020-01-01,61.0,False,0.024505,False
FDC-CPI-20260213,CPI,2026-02-13,CPIAUCSL;CPILFESL,2,FD-CPIAUCSL-20260213;FD-CPILFESL-20260213,seasonal_factor_recompute,R10_BLS_SA_FEB,2021-01-01,61.0,False,0.019719,False
FDC-M3-19970618,M3,1997-06-18,NEWORDER,1,FD-NEWORDER-19970618,annual_benchmark,R30_CENSUS_ANNUAL,1987-01-01,125.0,False,0.640916,False
FDC-M3-19980729,M3,1998-07-29,NEWORDER,1,FD-NEWORDER-19980729,annual_benchmark,R30_CENSUS_ANNUAL,1992-01-01,78.0,False,1.007798,False
FDC-M3-20010521,M3,2001-05-21,NEWORDER,1,FD-NEWORDER-20010521,annual_benchmark,R30_CENSUS_ANNUAL,1992-02-01,111.0,True,34.543229,False
FDC-M3-20010525,M3,2001-05-25,DGORDER,1,FD-DGORDER-20010525,annual_benchmark,R30_CENSUS_ANNUAL,1992-02-01,111.0,True,1.986831,False
FDC-M3-20020424,M3,2002-04-24,DGORDER,1,FD-DGORDER-20020424,annual_benchmark,R30_CENSUS_ANNUAL,1992-02-01,122.0,True,3.329473,False
FDC-M3-20020619,M3,2002-06-19,DGORDER;NEWORDER,2,FD-DGORDER-20020619;FD-NEWORDER-20020619,annual_benchmark,R30_CENSUS_ANNUAL,1992-02-01,124.0,True,1.314802,False
FDC-M3-20030819,M3,2003-08-19,DGORDER;NEWORDER,2,FD-DGORDER-20030819;FD-NEWORDER-20030819,unclassified,R90_UNCLASSIFIED,1992-02-01,138.0,True,0.641738,False
FDC-M3-20050819,M3,2005-08-19,DGORDER;NEWORDER,2,FD-DGORDER-20050819;FD-NEWORDER-20050819,unclassified,R90_UNCLASSIFIED,1992-02-01,162.0,True,2.274327,False
FDC-M3-20060519,M3,2006-05-19,DGORDER;NEWORDER,2,FD-DGORDER-20060519;FD-NEWORDER-20060519,annual_benchmark,R30_CENSUS_ANNUAL,1992-02-01,171.0,True,1.878371,False
FDC-M3-20070518,M3,2007-05-18,DGORDER;NEWORDER,2,FD-DGORDER-20070518;FD-NEWORDER-20070518,annual_benchmark,R30_CENSUS_ANNUAL,1992-02-01,183.0,True,0.78488,False
FDC-M3-20080516,M3,2008-05-16,DGORDER;NEWORDER,2,FD-DGORDER-20080516;FD-NEWORDER-20080516,annual_benchmark,R30_CENSUS_ANNUAL,1992-02-01,195.0,True,0.460837,False
FDC-M3-20100115,M3,2010-01-15,DGORDER;NEWORDER,2,FD-DGORDER-20100115;FD-NEWORDER-20100115,unclassified,R90_UNCLASSIFIED,2001-01-01,108.0,False,0.47943,False
FDC-M3-20100514,M3,2010-05-14,DGORDER;NEWORDER,2,FD-DGORDER-20100514;FD-NEWORDER-20100514,annual_benchmark,R30_CENSUS_ANNUAL,1992-02-01,219.0,True,1.129416,False
FDC-M3-20110513,M3,2011-05-13,DGORDER;NEWORDER,2,FD-DGORDER-20110513;FD-NEWORDER-20110513,annual_benchmark,R30_CENSUS_ANNUAL,1992-02-01,231.0,True,1.387856,False
FDC-M3-20120518,M3,2012-05-18,AMTMNO;DGORDER;NEWORDER,3,FD-AMTMNO-20120518;FD-DGORDER-20120518;FD-NEWORDER-20120518,annual_benchmark,R30_CENSUS_ANNUAL,1992-02-01,243.0,True,1.076352,False
FDC-M3-20130517,M3,2013-05-17,AMTMNO;DGORDER;NEWORDER,3,FD-AMTMNO-20130517;FD-DGORDER-20130517;FD-NEWORDER-20130517,annual_benchmark,R30_CENSUS_ANNUAL,1992-02-01,255.0,True,0.574403,False
FDC-M3-20130524,M3,2013-05-24,DGORDER;NEWORDER,2,FD-DGORDER-20130524;FD-NEWORDER-20130524,annual_benchmark,R30_CENSUS_ANNUAL,1992-02-01,255.0,True,0.57463,False
FDC-M3-20130528,M3,2013-05-28,DGORDER;NEWORDER,2,FD-DGORDER-20130528;FD-NEWORDER-20130528,annual_benchmark,R30_CENSUS_ANNUAL,1992-02-01,255.0,True,0.583286,False
FDC-M3-20140515,M3,2014-05-15,AMTMNO;DGORDER;NEWORDER,3,FD-AMTMNO-20140515;FD-DGORDER-20140515;FD-NEWORDER-20140515,annual_benchmark,R30_CENSUS_ANNUAL,1992-02-01,267.0,True,0.214757,False
FDC-M3-20150526,M3,2015-05-26,DGORDER;NEWORDER,2,FD-DGORDER-20150526;FD-NEWORDER-20150526,annual_benchmark,R30_CENSUS_ANNUAL,1997-01-01,220.0,False,0.645137,False
FDC-M3-20150602,M3,2015-06-02,AMTMNO,1,FD-AMTMNO-20150602,annual_benchmark,R30_CENSUS_ANNUAL,1997-01-01,221.0,False,0.256065,False
FDC-M3-20160526,M3,2016-05-26,DGORDER;NEWORDER,2,FD-DGORDER-20160526;FD-NEWORDER-20160526,annual_benchmark,R30_CENSUS_ANNUAL,1997-01-01,232.0,False,0.984553,False
FDC-M3-20160603,M3,2016-06-03,AMTMNO,1,FD-AMTMNO-20160603,annual_benchmark,R30_CENSUS_ANNUAL,1997-01-01,233.0,False,0.405039,False
FDC-M3-20170526,M3,2017-05-26,DGORDER;NEWORDER,2,FD-DGORDER-20170526;FD-NEWORDER-20170526,annual_benchmark,R30_CENSUS_ANNUAL,2002-01-01,184.0,False,0.628596,False
FDC-M3-20170605,M3,2017-06-05,AMTMNO,1,FD-AMTMNO-20170605,annual_benchmark,R30_CENSUS_ANNUAL,2002-01-01,185.0,False,0.378892,False
FDC-M3-20180525,M3,2018-05-25,DGORDER;NEWORDER,2,FD-DGORDER-20180525;FD-NEWORDER-20180525,annual_benchmark,R30_CENSUS_ANNUAL,2002-01-01,196.0,False,0.521141,False
FDC-M3-20180604,M3,2018-06-04,AMTMNO,1,FD-AMTMNO-20180604,annual_benchmark,R30_CENSUS_ANNUAL,2002-01-01,197.0,False,0.431941,False
FDC-M3-20190524,M3,2019-05-24,DGORDER;NEWORDER,2,FD-DGORDER-20190524;FD-NEWORDER-20190524,annual_benchmark,R30_CENSUS_ANNUAL,2002-02-01,207.0,False,0.350444,False
FDC-M3-20190604,M3,2019-06-04,AMTMNO,1,FD-AMTMNO-20190604,annual_benchmark,R30_CENSUS_ANNUAL,2002-02-01,208.0,False,0.196043,False
FDC-M3-20200528,M3,2020-05-28,DGORDER;NEWORDER,2,FD-DGORDER-20200528;FD-NEWORDER-20200528,annual_benchmark,R30_CENSUS_ANNUAL,2002-01-01,220.0,False,1.307386,False
FDC-M3-20200603,M3,2020-06-03,AMTMNO,1,FD-AMTMNO-20200603,annual_benchmark,R30_CENSUS_ANNUAL,2002-01-01,221.0,False,0.263734,False
FDC-M3-20210514,M3,2021-05-14,AMTMNO;DGORDER;NEWORDER,3,FD-AMTMNO-20210514;FD-DGORDER-20210514;FD-NEWORDER-20210514,annual_benchmark,R30_CENSUS_ANNUAL,2007-01-01,172.0,False,1.663379,False
FDC-M3-20220513,M3,2022-05-13,AMTMNO;DGORDER;NEWORDER,3,FD-AMTMNO-20220513;FD-DGORDER-20220513;FD-NEWORDER-20220513,annual_benchmark,R30_CENSUS_ANNUAL,2012-01-01,124.0,False,2.454817,False
FDC-M3-20230512,M3,2023-05-12,AMTMNO;DGORDER;NEWORDER,3,FD-AMTMNO-20230512;FD-DGORDER-20230512;FD-NEWORDER-20230512,annual_benchmark,R30_CENSUS_ANNUAL,2012-01-01,136.0,False,1.55739,False
FDC-M3-20240514,M3,2024-05-14,AMTMNO;DGORDER;NEWORDER,3,FD-AMTMNO-20240514;FD-DGORDER-20240514;FD-NEWORDER-20240514,annual_benchmark,R30_CENSUS_ANNUAL,2012-01-01,148.0,False,0.503277,False
FDC-M3-20250527,M3,2025-05-27,DGORDER;NEWORDER,2,FD-DGORDER-20250527;FD-NEWORDER-20250527,annual_benchmark,R30_CENSUS_ANNUAL,2012-01-01,160.0,False,1.328825,False
FDC-M3-20250603,M3,2025-06-03,AMTMNO,1,FD-AMTMNO-20250603,annual_benchmark,R30_CENSUS_ANNUAL,2012-01-01,161.0,False,0.856247,False
FDC-MARTS-20020503,MARTS,2002-05-03,RSAFS;RSAFSNA;RSXFS,3,FD-RSAFS-20020503;FD-RSAFSNA-20020503;FD-RSXFS-20020503,annual_benchmark,R30_CENSUS_ANNUAL,1992-01-01,124.0,True,0.199178,False
FDC-MARTS-20030430,MARTS,2003-04-30,RSAFS;RSAFSNA;RSXFS,3,FD-RSAFS-20030430;FD-RSAFSNA-20030430;FD-RSXFS-20030430,annual_benchmark,R30_CENSUS_ANNUAL,1992-01-01,135.0,True,0.457056,False
FDC-MARTS-20040330,MARTS,2004-03-30,RSAFS;RSAFSNA;RSXFS,3,FD-RSAFS-20040330;FD-RSAFSNA-20040330;FD-RSXFS-20040330,annual_benchmark,R30_CENSUS_ANNUAL,1995-01-01,110.0,False,0.227724,False
FDC-MARTS-20040402,MARTS,2004-04-02,RSAFS;RSXFS,2,FD-RSAFS-20040402;FD-RSXFS-20040402,annual_benchmark,R30_CENSUS_ANNUAL,1995-01-01,111.0,False,0.023574,False
FDC-MARTS-20050331,MARTS,2005-03-31,RSAFS;RSAFSNA;RSXFS,3,FD-RSAFS-20050331;FD-RSAFSNA-20050331;FD-RSXFS-20050331,annual_benchmark,R30_CENSUS_ANNUAL,1992-01-01,158.0,True,2.91402,False
FDC-MARTS-20060330,MARTS,2006-03-30,RSAFS;RSAFSNA;RSXFS,3,FD-RSAFS-20060330;FD-RSAFSNA-20060330;FD-RSXFS-20060330,annual_benchmark,R30_CENSUS_ANNUAL,1992-01-01,170.0,True,0.628944,False
FDC-MARTS-20070329,MARTS,2007-03-29,RSAFS;RSAFSNA;RSXFS,3,FD-RSAFS-20070329;FD-RSAFSNA-20070329;FD-RSXFS-20070329,annual_benchmark,R30_CENSUS_ANNUAL,2001-01-01,74.0,False,0.543006,False
FDC-MARTS-20080430,MARTS,2008-04-30,RSAFS;RSAFSNA;RSXFS,3,FD-RSAFS-20080430;FD-RSAFSNA-20080430;FD-RSXFS-20080430,annual_benchmark,R30_CENSUS_ANNUAL,2002-01-01,75.0,False,0.430108,False
FDC-MARTS-20090430,MARTS,2009-04-30,RSAFS;RSAFSNA;RSXFS,3,FD-RSAFS-20090430;FD-RSAFSNA-20090430;FD-RSXFS-20090430,annual_benchmark,R30_CENSUS_ANNUAL,2002-01-01,87.0,False,0.796506,False
FDC-MARTS-20100430,MARTS,2010-04-30,RSAFS;RSAFSNA;RSXFS,3,FD-RSAFS-20100430;FD-RSAFSNA-20100430;FD-RSXFS-20100430,annual_benchmark,R30_CENSUS_ANNUAL,2000-01-01,123.0,False,0.259114,False
FDC-MARTS-20110429,MARTS,2011-04-29,RSAFS;RSAFSNA;RSXFS,3,FD-RSAFS-20110429;FD-RSAFSNA-20110429;FD-RSXFS-20110429,annual_benchmark,R30_CENSUS_ANNUAL,1995-01-01,195.0,False,0.262385,False
FDC-MARTS-20120430,MARTS,2012-04-30,RSAFS;RSAFSNA;RSXFS,3,FD-RSAFS-20120430;FD-RSAFSNA-20120430;FD-RSXFS-20120430,annual_benchmark,R30_CENSUS_ANNUAL,1992-01-01,243.0,True,0.29918,False
FDC-MARTS-20130531,MARTS,2013-05-31,RSAFS;RSAFSNA;RSXFS,3,FD-RSAFS-20130531;FD-RSAFSNA-20130531;FD-RSXFS-20130531,annual_benchmark,R30_CENSUS_ANNUAL,1992-05-01,252.0,False,0.117821,False
FDC-MARTS-20140513,MARTS,2014-05-13,RSAFS;RSAFSNA;RSXFS,3,FD-RSAFS-20140513;FD-RSAFSNA-20140513;FD-RSXFS-20140513,annual_benchmark,R30_CENSUS_ANNUAL,2006-08-01,93.0,False,0.220273,False
FDC-MARTS-20150513,MARTS,2015-05-13,RSAFS;RSAFSNA;RSXFS,3,FD-RSAFS-20150513;FD-RSAFSNA-20150513;FD-RSXFS-20150513,annual_benchmark,R30_CENSUS_ANNUAL,2000-02-01,183.0,False,0.45001,False
FDC-MARTS-20160513,MARTS,2016-05-13,RSAFS;RSAFSNA;RSXFS,3,FD-RSAFS-20160513;FD-RSAFSNA-20160513;FD-RSXFS-20160513,annual_benchmark,R30_CENSUS_ANNUAL,2005-01-01,136.0,False,0.112907,False
FDC-MARTS-20160715,MARTS,2016-07-15,RSAFS;RSXFS,2,FD-RSAFS-20160715;FD-RSXFS-20160715,annual_benchmark,R30_CENSUS_ANNUAL,2015-03-01,16.0,False,0.063158,False
FDC-MARTS-20170512,MARTS,2017-05-12,RSAFS;RSAFSNA;RSXFS,3,FD-RSAFS-20170512;FD-RSAFSNA-20170512;FD-RSXFS-20170512,annual_benchmark,R30_CENSUS_ANNUAL,2005-01-01,148.0,False,0.111599,False
FDC-MARTS-20180525,MARTS,2018-05-25,RSAFS;RSAFSNA;RSXFS,3,FD-RSAFS-20180525;FD-RSAFSNA-20180525;FD-RSXFS-20180525,annual_benchmark,R30_CENSUS_ANNUAL,1992-01-01,316.0,True,0.04215,False
FDC-MARTS-20190716,MARTS,2019-07-16,RSAFS;RSAFSNA;RSXFS,3,FD-RSAFS-20190716;FD-RSAFSNA-20190716;FD-RSXFS-20190716,annual_benchmark,R30_CENSUS_ANNUAL,2010-01-01,114.0,False,0.193211,False
FDC-MARTS-20200515,MARTS,2020-05-15,RSAFS;RSAFSNA;RSXFS,3,FD-RSAFS-20200515;FD-RSAFSNA-20200515;FD-RSXFS-20200515,annual_benchmark,R30_CENSUS_ANNUAL,2013-01-01,88.0,False,0.182648,False
FDC-MARTS-20210426,MARTS,2021-04-26,RSAFS;RSAFSNA;RSXFS,3,FD-RSAFS-20210426;FD-RSAFSNA-20210426;FD-RSXFS-20210426,annual_benchmark,R30_CENSUS_ANNUAL,2010-01-01,135.0,False,0.2442,False
FDC-MARTS-20220425,MARTS,2022-04-25,RSAFS;RSAFSNA;RSXFS,3,FD-RSAFS-20220425;FD-RSAFSNA-20220425;FD-RSXFS-20220425,annual_benchmark,R30_CENSUS_ANNUAL,2010-01-01,147.0,False,0.157719,False
FDC-MARTS-20230424,MARTS,2023-04-24,RSAFS;RSAFSNA;RSXFS,3,FD-RSAFS-20230424;FD-RSAFSNA-20230424;FD-RSXFS-20230424,annual_benchmark,R30_CENSUS_ANNUAL,2010-01-01,159.0,False,0.232248,False
FDC-MARTS-20240423,MARTS,2024-04-23,RSAFS;RSAFSNA;RSXFS,3,FD-RSAFS-20240423;FD-RSAFSNA-20240423;FD-RSXFS-20240423,annual_benchmark,R30_CENSUS_ANNUAL,2010-01-01,171.0,False,0.148108,False
FDC-MARTS-20250425,MARTS,2025-04-25,RSAFS;RSAFSNA;RSXFS,3,FD-RSAFS-20250425;FD-RSAFSNA-20250425;FD-RSXFS-20250425,annual_benchmark,R30_CENSUS_ANNUAL,1992-01-01,399.0,True,2.166774,False
FDC-MARTS-20260928,MARTS,2026-09-28,RSAFS;RSAFSNA;RSXFS,3,FD-RSAFS-20260928;FD-RSAFSNA-20260928;FD-RSXFS-20260928,unclassified,R90_UNCLASSIFIED,2015-01-01,140.0,False,1.526482,False
FDC-MRTS-20180314,MRTS,2018-03-14,MRTSSM44X72USS,1,FD-MRTSSM44X72USS-20180314,annual_benchmark,R30_CENSUS_ANNUAL,2016-04-01,23.0,False,0.094,False
FDC-MRTS-20180525,MRTS,2018-05-25,MRTSSM44X72USS,1,FD-MRTSSM44X72USS-20180525,annual_benchmark,R30_CENSUS_ANNUAL,1992-01-01,316.0,True,0.038814,False
FDC-MRTS-20180914,MRTS,2018-09-14,MRTSSM44X72USS,1,FD-MRTSSM44X72USS-20180914,unclassified,R90_UNCLASSIFIED,2017-04-01,17.0,False,0.034899,False
FDC-MRTS-20181115,MRTS,2018-11-15,MRTSSM44X72USS,1,FD-MRTSSM44X72USS-20181115,unclassified,R90_UNCLASSIFIED,2017-06-01,17.0,False,0.131707,False
FDC-MRTS-20190716,MRTS,2019-07-16,MRTSSM44X72USS,1,FD-MRTSSM44X72USS-20190716,annual_benchmark,R30_CENSUS_ANNUAL,2010-01-01,114.0,False,0.10104,False
FDC-MRTS-20200515,MRTS,2020-05-15,MRTSSM44X72USS,1,FD-MRTSSM44X72USS-20200515,annual_benchmark,R30_CENSUS_ANNUAL,2013-01-01,88.0,False,0.124686,False
FDC-MRTS-20200814,MRTS,2020-08-14,MRTSSM44X72USS,1,FD-MRTSSM44X72USS-20200814,unclassified,R90_UNCLASSIFIED,2019-04-01,16.0,False,0.085763,False
FDC-MRTS-20210426,MRTS,2021-04-26,MRTSSM44X72USS,1,FD-MRTSSM44X72USS-20210426,annual_benchmark,R30_CENSUS_ANNUAL,2010-01-01,135.0,False,0.18109,False
FDC-MRTS-20220425,MRTS,2022-04-25,MRTSSM44X72USS,1,FD-MRTSSM44X72USS-20220425,annual_benchmark,R30_CENSUS_ANNUAL,2010-01-01,147.0,False,0.131943,False
FDC-MRTS-20230424,MRTS,2023-04-24,MRTSSM44X72USS,1,FD-MRTSSM44X72USS-20230424,annual_benchmark,R30_CENSUS_ANNUAL,2010-01-01,159.0,False,0.225822,False
FDC-MRTS-20240423,MRTS,2024-04-23,MRTSSM44X72USS,1,FD-MRTSSM44X72USS-20240423,annual_benchmark,R30_CENSUS_ANNUAL,2010-01-01,171.0,False,0.116253,False
FDC-MRTS-20250425,MRTS,2025-04-25,MRTSSM44X72USS,1,FD-MRTSSM44X72USS-20250425,annual_benchmark,R30_CENSUS_ANNUAL,1992-01-01,399.0,True,2.167826,False
FDC-MTIS-19970514,MTIS,1997-05-14,BUSINV;ISRATIO,2,FD-BUSINV-19970514;FD-ISRATIO-19970514,annual_benchmark,R30_CENSUS_ANNUAL,1993-01-01,52.0,False,0.70515,False
FDC-MTIS-19970716,MTIS,1997-07-16,BUSINV;ISRATIO,2,FD-BUSINV-19970716;FD-ISRATIO-19970716,annual_benchmark,R30_CENSUS_ANNUAL,1987-01-01,126.0,False,0.725821,False
FDC-MTIS-19980514,MTIS,1998-05-14,BUSINV;ISRATIO,2,FD-BUSINV-19980514;FD-ISRATIO-19980514,annual_benchmark,R30_CENSUS_ANNUAL,1990-01-01,100.0,False,0.713885,False
FDC-MTIS-19980814,MTIS,1998-08-14,BUSINV;ISRATIO,2,FD-BUSINV-19980814;FD-ISRATIO-19980814,unclassified,R90_UNCLASSIFIED,1992-01-01,79.0,False,0.721073,False
FDC-MTIS-19990813,MTIS,1999-08-13,BUSINV;ISRATIO,2,FD-BUSINV-19990813;FD-ISRATIO-19990813,unclassified,R90_UNCLASSIFIED,1990-01-01,115.0,False,0.727686,False
FDC-MTIS-20000512,MTIS,2000-05-12,BUSINV;ISRATIO,2,FD-BUSINV-20000512;FD-ISRATIO-20000512,annual_benchmark,R30_CENSUS_ANNUAL,1990-01-01,124.0,False,0.717721,False
FDC-MTIS-20000614,MTIS,2000-06-14,BUSINV;ISRATIO,2,FD-BUSINV-20000614;FD-ISRATIO-20000614,annual_benchmark,R30_CENSUS_ANNUAL,1995-01-01,65.0,False,0.720642,False
FDC-MTIS-20010614,MTIS,2001-06-14,BUSINV;ISRATIO,2,FD-BUSINV-20010614;FD-ISRATIO-20010614,annual_benchmark,R30_CENSUS_ANNUAL,1992-01-01,113.0,True,4.113716,False
FDC-MTIS-20020515,MTIS,2002-05-15,BUSINV;ISRATIO,2,FD-BUSINV-20020515;FD-ISRATIO-20020515,annual_benchmark,R30_CENSUS_ANNUAL,1992-01-01,124.0,True,0.69518,False
FDC-MTIS-20020715,MTIS,2002-07-15,BUSINV;ISRATIO,2,FD-BUSINV-20020715;FD-ISRATIO-20020715,annual_benchmark,R30_CENSUS_ANNUAL,1992-01-01,126.0,True,0.728931,False
FDC-MTIS-20030414,MTIS,2003-04-14,BUSINV;ISRATIO,2,FD-BUSINV-20030414;FD-ISRATIO-20030414,annual_benchmark,R30_CENSUS_ANNUAL,1992-01-01,135.0,True,0.686116,False
FDC-MTIS-20030515,MTIS,2003-05-15,BUSINV;ISRATIO,2,FD-BUSINV-20030515;FD-ISRATIO-20030515,annual_benchmark,R30_CENSUS_ANNUAL,1992-01-01,136.0,True,1.037139,False
FDC-MTIS-20030915,MTIS,2003-09-15,BUSINV;ISRATIO,2,FD-BUSINV-20030915;FD-ISRATIO-20030915,unclassified,R90_UNCLASSIFIED,1992-01-01,140.0,True,0.729646,False
FDC-MTIS-20040312,MTIS,2004-03-12,BUSINV;ISRATIO,2,FD-BUSINV-20040312;FD-ISRATIO-20040312,annual_benchmark,R30_CENSUS_ANNUAL,1992-01-01,146.0,True,0.693515,False
FDC-MTIS-20040413,MTIS,2004-04-13,BUSINV;ISRATIO,2,FD-BUSINV-20040413;FD-ISRATIO-20040413,annual_benchmark,R30_CENSUS_ANNUAL,1992-01-01,147.0,True,0.703597,False
FDC-MTIS-20050414,MTIS,2005-04-14,BUSINV;ISRATIO,2,FD-BUSINV-20050414;FD-ISRATIO-20050414,annual_benchmark,R30_CENSUS_ANNUAL,1992-01-01,159.0,True,0.688527,False
FDC-MTIS-20050915,MTIS,2005-09-15,BUSINV;ISRATIO,2,FD-BUSINV-20050915;FD-ISRATIO-20050915,unclassified,R90_UNCLASSIFIED,1992-01-01,164.0,True,1.184002,False
FDC-MTIS-20060413,MTIS,2006-04-13,BUSINV;ISRATIO,2,FD-BUSINV-20060413;FD-ISRATIO-20060413,annual_benchmark,R30_CENSUS_ANNUAL,1992-01-01,171.0,True,0.808984,False
FDC-MTIS-20060613,MTIS,2006-06-13,BUSINV;ISRATIO,2,FD-BUSINV-20060613;FD-ISRATIO-20060613,annual_benchmark,R30_CENSUS_ANNUAL,1992-01-01,173.0,True,0.735344,False
FDC-MTIS-20070416,MTIS,2007-04-16,BUSINV;ISRATIO,2,FD-BUSINV-20070416;FD-ISRATIO-20070416,annual_benchmark,R30_CENSUS_ANNUAL,1996-01-01,135.0,False,0.746623,False
FDC-MTIS-20070613,MTIS,2007-06-13,BUSINV;ISRATIO,2,FD-BUSINV-20070613;FD-ISRATIO-20070613,annual_benchmark,R30_CENSUS_ANNUAL,1992-01-01,185.0,True,0.872635,False
FDC-MTIS-20080414,MTIS,2008-04-14,BUSINV;ISRATIO,2,FD-BUSINV-20080414;FD-ISRATIO-20080414,annual_benchmark,R30_CENSUS_ANNUAL,1996-01-01,147.0,False,0.7674,False
FDC-MTIS-20080513,MTIS,2008-05-13,BUSINV;ISRATIO,2,FD-BUSINV-20080513;FD-ISRATIO-20080513,annual_benchmark,R30_CENSUS_ANNUAL,1996-01-01,148.0,False,0.779783,False
FDC-MTIS-20080612,MTIS,2008-06-12,BUSINV;ISRATIO,2,FD-BUSINV-20080612;FD-ISRATIO-20080612,annual_benchmark,R30_CENSUS_ANNUAL,1992-01-01,197.0,True,0.793092,False
FDC-MTIS-20090414,MTIS,2009-04-14,BUSINV;ISRATIO,2,FD-BUSINV-20090414;FD-ISRATIO-20090414,annual_benchmark,R30_CENSUS_ANNUAL,1996-01-01,159.0,False,1.009926,False
FDC-MTIS-20090513,MTIS,2009-05-13,BUSINV;ISRATIO,2,FD-BUSINV-20090513;FD-ISRATIO-20090513,annual_benchmark,R30_CENSUS_ANNUAL,1996-03-01,158.0,False,0.764492,False
FDC-MTIS-20100128,MTIS,2010-01-28,BUSINV;ISRATIO,2,FD-BUSINV-20100128;FD-ISRATIO-20100128,unclassified,R90_UNCLASSIFIED,2001-01-01,108.0,False,0.754335,False
FDC-MTIS-20100414,MTIS,2010-04-14,BUSINV;ISRATIO,2,FD-BUSINV-20100414;FD-ISRATIO-20100414,annual_benchmark,R30_CENSUS_ANNUAL,1996-01-01,171.0,False,1.025934,False
FDC-MTIS-20100514,MTIS,2010-05-14,BUSINV;ISRATIO,2,FD-BUSINV-20100514;FD-ISRATIO-20100514,annual_benchmark,R30_CENSUS_ANNUAL,1992-01-01,220.0,True,0.923115,False
FDC-MTIS-20110413,MTIS,2011-04-13,BUSINV;ISRATIO,2,FD-BUSINV-20110413;FD-ISRATIO-20110413,annual_benchmark,R30_CENSUS_ANNUAL,1996-01-01,183.0,False,0.753984,False
FDC-MTIS-20110512,MTIS,2011-05-12,BUSINV;ISRATIO,2,FD-BUSINV-20110512;FD-ISRATIO-20110512,annual_benchmark,R30_CENSUS_ANNUAL,1996-01-01,184.0,False,0.771965,False
FDC-MTIS-20110614,MTIS,2011-06-14,BUSINV;ISRATIO,2,FD-BUSINV-20110614;FD-ISRATIO-20110614,annual_benchmark,R30_CENSUS_ANNUAL,1992-01-01,233.0,True,1.226395,False
FDC-MTIS-20120416,MTIS,2012-04-16,BUSINV;ISRATIO,2,FD-BUSINV-20120416;FD-ISRATIO-20120416,annual_benchmark,R30_CENSUS_ANNUAL,1996-01-01,195.0,False,0.767459,False
FDC-MTIS-20120515,MTIS,2012-05-15,BUSINV;ISRATIO,2,FD-BUSINV-20120515;FD-ISRATIO-20120515,annual_benchmark,R30_CENSUS_ANNUAL,1992-01-01,244.0,True,0.741789,False
FDC-MTIS-20120613,MTIS,2012-06-13,BUSINV;ISRATIO,2,FD-BUSINV-20120613;FD-ISRATIO-20120613,annual_benchmark,R30_CENSUS_ANNUAL,1992-01-01,245.0,True,1.148935,False
FDC-MTIS-20130613,MTIS,2013-06-13,BUSINV;ISRATIO,2,FD-BUSINV-20130613;FD-ISRATIO-20130613,annual_benchmark,R30_CENSUS_ANNUAL,1992-01-01,257.0,True,0.864995,False
FDC-MTIS-20140414,MTIS,2014-04-14,BUSINV;ISRATIO;TOTBUSSMSA,3,FD-BUSINV-20140414;FD-ISRATIO-20140414;FD-TOTBUSSMSA-20140414,annual_benchmark,R30_CENSUS_ANNUAL,2002-02-01,146.0,False,0.773311,False
FDC-MTIS-20140513,MTIS,2014-05-13,BUSINV;ISRATIO;TOTBUSSMSA,3,FD-BUSINV-20140513;FD-ISRATIO-20140513;FD-TOTBUSSMSA-20140513,annual_benchmark,R30_CENSUS_ANNUAL,2002-01-01,148.0,False,0.768931,False
FDC-MTIS-20140612,MTIS,2014-06-12,BUSINV;ISRATIO;TOTBUSSMSA,3,FD-BUSINV-20140612;FD-ISRATIO-20140612;FD-TOTBUSSMSA-20140612,annual_benchmark,R30_CENSUS_ANNUAL,1992-01-01,269.0,True,0.740433,False
FDC-MTIS-20150414,MTIS,2015-04-14,BUSINV;ISRATIO;TOTBUSSMSA,3,FD-BUSINV-20150414;FD-ISRATIO-20150414;FD-TOTBUSSMSA-20150414,annual_benchmark,R30_CENSUS_ANNUAL,2000-01-01,183.0,False,0.769923,False
FDC-MTIS-20150513,MTIS,2015-05-13,BUSINV;ISRATIO;TOTBUSSMSA,3,FD-BUSINV-20150513;FD-ISRATIO-20150513;FD-TOTBUSSMSA-20150513,annual_benchmark,R30_CENSUS_ANNUAL,1997-09-01,212.0,False,0.775465,False
FDC-MTIS-20150611,MTIS,2015-06-11,BUSINV;ISRATIO;TOTBUSSMSA,3,FD-BUSINV-20150611;FD-ISRATIO-20150611;FD-TOTBUSSMSA-20150611,annual_benchmark,R30_CENSUS_ANNUAL,1997-01-01,221.0,False,0.754938,False
FDC-MTIS-20160413,MTIS,2016-04-13,BUSINV;ISRATIO;TOTBUSSMSA,3,FD-BUSINV-20160413;FD-ISRATIO-20160413;FD-TOTBUSSMSA-20160413,annual_benchmark,R30_CENSUS_ANNUAL,2000-03-01,193.0,False,0.755761,False
FDC-MTIS-20160513,MTIS,2016-05-13,BUSINV;ISRATIO;TOTBUSSMSA,3,FD-BUSINV-20160513;FD-ISRATIO-20160513;FD-TOTBUSSMSA-20160513,annual_benchmark,R30_CENSUS_ANNUAL,2002-04-01,169.0,False,0.762268,False
FDC-MTIS-20160614,MTIS,2016-06-14,BUSINV;ISRATIO;TOTBUSSMSA,3,FD-BUSINV-20160614;FD-ISRATIO-20160614;FD-TOTBUSSMSA-20160614,annual_benchmark,R30_CENSUS_ANNUAL,1997-01-01,233.0,False,0.752083,False
FDC-MTIS-20170414,MTIS,2017-04-14,BUSINV;ISRATIO;TOTBUSSMSA,3,FD-BUSINV-20170414;FD-ISRATIO-20170414;FD-TOTBUSSMSA-20170414,annual_benchmark,R30_CENSUS_ANNUAL,2000-01-01,207.0,False,0.748259,False
FDC-MTIS-20170512,MTIS,2017-05-12,BUSINV;ISRATIO;TOTBUSSMSA,3,FD-BUSINV-20170512;FD-ISRATIO-20170512;FD-TOTBUSSMSA-20170512,annual_benchmark,R30_CENSUS_ANNUAL,2002-04-01,181.0,False,0.730544,False
FDC-MTIS-20170614,MTIS,2017-06-14,BUSINV;ISRATIO;TOTBUSSMSA,3,FD-BUSINV-20170614;FD-ISRATIO-20170614;FD-TOTBUSSMSA-20170614,annual_benchmark,R30_CENSUS_ANNUAL,2002-01-01,185.0,False,1.120129,False
FDC-MTIS-20180614,MTIS,2018-06-14,BUSINV;ISRATIO;TOTBUSSMSA,3,FD-BUSINV-20180614;FD-ISRATIO-20180614;FD-TOTBUSSMSA-20180614,annual_benchmark,R30_CENSUS_ANNUAL,1992-01-01,317.0,True,0.846748,False
FDC-MTIS-20190418,MTIS,2019-04-18,BUSINV;ISRATIO;TOTBUSSMSA,3,FD-BUSINV-20190418;FD-ISRATIO-20190418;FD-TOTBUSSMSA-20190418,annual_benchmark,R30_CENSUS_ANNUAL,2005-05-01,167.0,False,0.752525,False
FDC-MTIS-20190614,MTIS,2019-06-14,BUSINV;ISRATIO;TOTBUSSMSA,3,FD-BUSINV-20190614;FD-ISRATIO-20190614;FD-TOTBUSSMSA-20190614,annual_benchmark,R30_CENSUS_ANNUAL,2002-01-01,209.0,False,0.759585,False
FDC-MTIS-20190716,MTIS,2019-07-16,BUSINV;ISRATIO;TOTBUSSMSA,3,FD-BUSINV-20190716;FD-ISRATIO-20190716;FD-TOTBUSSMSA-20190716,annual_benchmark,R30_CENSUS_ANNUAL,2008-01-01,138.0,False,0.730044,False
FDC-MTIS-20200415,MTIS,2020-04-15,BUSINV;ISRATIO;TOTBUSSMSA,3,FD-BUSINV-20200415;FD-ISRATIO-20200415;FD-TOTBUSSMSA-20200415,annual_benchmark,R30_CENSUS_ANNUAL,2005-02-01,182.0,False,0.731988,False
FDC-MTIS-20200515,MTIS,2020-05-15,BUSINV;ISRATIO;TOTBUSSMSA,3,FD-BUSINV-20200515;FD-ISRATIO-20200515;FD-TOTBUSSMSA-20200515,annual_benchmark,R30_CENSUS_ANNUAL,2008-01-01,148.0,False,0.734788,False
FDC-MTIS-20200616,MTIS,2020-06-16,BUSINV;ISRATIO;TOTBUSSMSA,3,FD-BUSINV-20200616;FD-ISRATIO-20200616;FD-TOTBUSSMSA-20200616,annual_benchmark,R30_CENSUS_ANNUAL,2007-01-01,161.0,False,0.760726,False
FDC-MTIS-20210415,MTIS,2021-04-15,BUSINV;ISRATIO;TOTBUSSMSA,3,FD-BUSINV-20210415;FD-ISRATIO-20210415;FD-TOTBUSSMSA-20210415,annual_benchmark,R30_CENSUS_ANNUAL,2005-01-01,195.0,False,0.739981,False
FDC-MTIS-20210514,MTIS,2021-05-14,BUSINV;ISRATIO;TOTBUSSMSA,3,FD-BUSINV-20210514;FD-ISRATIO-20210514;FD-TOTBUSSMSA-20210514,annual_benchmark,R30_CENSUS_ANNUAL,2008-01-01,160.0,False,0.735614,False
FDC-MTIS-20210615,MTIS,2021-06-15,BUSINV;ISRATIO;TOTBUSSMSA,3,FD-BUSINV-20210615;FD-ISRATIO-20210615;FD-TOTBUSSMSA-20210615,annual_benchmark,R30_CENSUS_ANNUAL,2007-01-01,173.0,False,1.577867,False
FDC-MTIS-20220414,MTIS,2022-04-14,BUSINV;ISRATIO;TOTBUSSMSA,3,FD-BUSINV-20220414;FD-ISRATIO-20220414;FD-TOTBUSSMSA-20220414,annual_benchmark,R30_CENSUS_ANNUAL,2005-01-01,207.0,False,0.738532,False
FDC-MTIS-20220517,MTIS,2022-05-17,BUSINV;ISRATIO;TOTBUSSMSA,3,FD-BUSINV-20220517;FD-ISRATIO-20220517;FD-TOTBUSSMSA-20220517,annual_benchmark,R30_CENSUS_ANNUAL,2008-01-01,172.0,False,0.758044,False
FDC-MTIS-20220615,MTIS,2022-06-15,BUSINV;ISRATIO;TOTBUSSMSA,3,FD-BUSINV-20220615;FD-ISRATIO-20220615;FD-TOTBUSSMSA-20220615,annual_benchmark,R30_CENSUS_ANNUAL,2012-01-01,125.0,False,0.75599,False
FDC-MTIS-20230414,MTIS,2023-04-14,BUSINV;ISRATIO;TOTBUSSMSA,3,FD-BUSINV-20230414;FD-ISRATIO-20230414;FD-TOTBUSSMSA-20230414,annual_benchmark,R30_CENSUS_ANNUAL,2005-01-01,219.0,False,1.030818,False
FDC-MTIS-20230516,MTIS,2023-05-16,BUSINV;ISRATIO;TOTBUSSMSA,3,FD-BUSINV-20230516;FD-ISRATIO-20230516;FD-TOTBUSSMSA-20230516,annual_benchmark,R30_CENSUS_ANNUAL,2008-01-01,184.0,False,0.80077,False
FDC-MTIS-20230615,MTIS,2023-06-15,BUSINV;ISRATIO;TOTBUSSMSA,3,FD-BUSINV-20230615;FD-ISRATIO-20230615;FD-TOTBUSSMSA-20230615,annual_benchmark,R30_CENSUS_ANNUAL,2012-01-01,137.0,False,0.737494,False
FDC-MTIS-20240415,MTIS,2024-04-15,BUSINV;ISRATIO;TOTBUSSMSA,3,FD-BUSINV-20240415;FD-ISRATIO-20240415;FD-TOTBUSSMSA-20240415,annual_benchmark,R30_CENSUS_ANNUAL,2005-01-01,231.0,False,0.744014,False
FDC-MTIS-20240515,MTIS,2024-05-15,BUSINV;ISRATIO;TOTBUSSMSA,3,FD-BUSINV-20240515;FD-ISRATIO-20240515;FD-TOTBUSSMSA-20240515,annual_benchmark,R30_CENSUS_ANNUAL,2008-01-01,196.0,False,0.735678,False
FDC-MTIS-20250416,MTIS,2025-04-16,BUSINV;ISRATIO;TOTBUSSMSA,3,FD-BUSINV-20250416;FD-ISRATIO-20250416;FD-TOTBUSSMSA-20250416,annual_benchmark,R30_CENSUS_ANNUAL,2005-02-01,242.0,False,0.745758,False
FDC-MTIS-20250515,MTIS,2025-05-15,BUSINV;ISRATIO;TOTBUSSMSA,3,FD-BUSINV-20250515;FD-ISRATIO-20250515;FD-TOTBUSSMSA-20250515,annual_benchmark,R30_CENSUS_ANNUAL,1992-01-01,400.0,True,0.743832,False
FDC-MTIS-20250617,MTIS,2025-06-17,BUSINV;ISRATIO;TOTBUSSMSA,3,FD-BUSINV-20250617;FD-ISRATIO-20250617;FD-TOTBUSSMSA-20250617,annual_benchmark,R30_CENSUS_ANNUAL,2012-01-01,161.0,False,2.272449,False
FDC-PPI-20150218,PPI,2015-02-18,PPIFIS,1,FD-PPIFIS-20150218,seasonal_factor_recompute,R10_BLS_SA_FEB,2010-12-01,50.0,False,0.095874,False
FDC-PPI-20160217,PPI,2016-02-17,PPIFIS,1,FD-PPIFIS-20160217,seasonal_factor_recompute,R10_BLS_SA_FEB,2011-10-01,52.0,False,0.091395,False
FDC-PPI-20170210,PPI,2017-02-10,PPIFIS,1,FD-PPIFIS-20170210,seasonal_factor_recompute,R10_BLS_SA_FEB,2012-04-01,58.0,False,0.091052,False
FDC-PPI-20180215,PPI,2018-02-15,PPIFIS,1,FD-PPIFIS-20180215,seasonal_factor_recompute,R10_BLS_SA_FEB,2013-09-01,53.0,False,0.089949,False
FDC-PPI-20190212,PPI,2019-02-12,PPIFIS,1,FD-PPIFIS-20190212,seasonal_factor_recompute,R10_BLS_SA_FEB,2014-06-01,56.0,False,0.088884,False
FDC-PPI-20200214,PPI,2020-02-14,PPIFIS,1,FD-PPIFIS-20200214,seasonal_factor_recompute,R10_BLS_SA_FEB,2015-05-01,57.0,False,0.087938,False
FDC-PPI-20210217,PPI,2021-02-17,PPIFIS,1,FD-PPIFIS-20210217,seasonal_factor_recompute,R10_BLS_SA_FEB,2016-04-01,58.0,False,0.09074,False
FDC-PPI-20220211,PPI,2022-02-11,PPIFIS,1,FD-PPIFIS-20220211,seasonal_factor_recompute,R10_BLS_SA_FEB,2017-05-01,57.0,False,0.07536,False
FDC-PPI-20230214,PPI,2023-02-14,PPIFIS,1,FD-PPIFIS-20230214,seasonal_factor_recompute,R10_BLS_SA_FEB,2018-03-01,59.0,False,0.086274,False
FDC-PPI-20240214,PPI,2024-02-14,PPIFIS,1,FD-PPIFIS-20240214,seasonal_factor_recompute,R10_BLS_SA_FEB,2019-07-01,55.0,False,0.037717,False
FDC-PPI-20250213,PPI,2025-02-13,PPIFIS,1,FD-PPIFIS-20250213,seasonal_factor_recompute,R10_BLS_SA_FEB,2020-01-01,61.0,False,0.030349,False
FDC-PPI-20260227,PPI,2026-02-27,PPIFIS,1,FD-PPIFIS-20260227,seasonal_factor_recompute,R10_BLS_SA_FEB,2021-04-01,58.0,False,0.029287,False
FDC-TSI-20160113,TSI,2016-01-13,TSITTL,1,FD-TSITTL-20160113,unclassified,R27_TSI_SCREENED,2003-10-01,147.0,False,0.216981,False
FDC-TSI-20180411,TSI,2018-04-11,TSIFRGHT,1,FD-TSIFRGHT-20180411,unclassified,R27_TSI_SCREENED,2000-02-01,218.0,True,0.798156,False
FDC-TSI-20180613,TSI,2018-06-13,TSIFRGHT;TSITTL,2,FD-TSIFRGHT-20180613;FD-TSITTL-20180613,unclassified,R27_TSI_SCREENED,2000-02-01,220.0,True,0.89892,False
FDC-TSI-20200709,TSI,2020-07-09,TSITTL,1,FD-TSITTL-20200709,unclassified,R27_TSI_SCREENED,2000-09-01,238.0,False,0.263953,False
FDC-TSI-20200812,TSI,2020-08-12,TSITTL,1,FD-TSITTL-20200812,unclassified,R27_TSI_SCREENED,2000-09-01,239.0,False,0.184742,False
FDC-TSI-20200910,TSI,2020-09-10,TSITTL,1,FD-TSITTL-20200910,unclassified,R27_TSI_SCREENED,2001-10-01,227.0,False,0.297084,False
FDC-TSI-20201015,TSI,2020-10-15,TSIFRGHT,1,FD-TSIFRGHT-20201015,unclassified,R27_TSI_SCREENED,2000-02-01,248.0,True,0.13299,False
FDC-TSI-20210310,TSI,2021-03-10,TSIFRGHT;TSITTL,2,FD-TSIFRGHT-20210310;FD-TSITTL-20210310,unclassified,R27_TSI_SCREENED,2000-03-01,252.0,True,0.673979,False
FDC-TSI-20210414,TSI,2021-04-14,TSIFRGHT,1,FD-TSIFRGHT-20210414,unclassified,R27_TSI_SCREENED,2000-01-01,255.0,True,0.158558,False
FDC-TSI-20210609,TSI,2021-06-09,TSIFRGHT;TSITTL,2,FD-TSIFRGHT-20210609;FD-TSITTL-20210609,unclassified,R27_TSI_SCREENED,2000-01-01,257.0,True,1.259532,False
FDC-TSI-20230117,TSI,2023-01-17,TSITTL,1,FD-TSITTL-20230117,unclassified,R27_TSI_SCREENED,2000-06-01,271.0,False,1.123564,False
