series_id,n_test,n_train,mean_abs_revision_pp,share_sign_flip,B0_MAE,B0_RMSE,B1_MAE,B1_RMSE,B2_MAE,B2_RMSE
AMTMNO,81,58,0.7761,0.1728,0.7761,0.9605,0.7833,0.9736,0.7987,0.9871
BUSINV,81,233,0.155,0.0988,0.155,0.2056,0.1548,0.2048,0.1427,0.184
CPIAUCNS,81,805,0.0002,0.0,0.0002,0.001,0.0008,0.0012,0.0029,0.0038
CPIAUCSL,81,301,0.0634,0.037,0.0634,0.0799,0.0636,0.08,0.0621,0.0746
CPILFESL,81,232,0.0446,0.0,0.0446,0.0549,0.0446,0.0549,0.0407,0.0551
DGORDER,81,200,1.4018,0.2222,1.4018,1.7736,1.4016,1.7712,1.4115,1.7833
ISRATIO,81,229,0.472,0.3457,0.472,0.6859,0.4981,0.6791,0.5103,0.6822
MRTSSM44X72USS,62,0,0.4942,0.1774,0.4942,0.8384,0.4942,0.8384,0.4942,0.8384
NEWORDER,81,229,0.9992,0.2716,0.9992,1.2649,0.9991,1.264,1.027,1.3024
PPIACO,81,231,0.2077,0.0617,0.2077,0.3436,0.2085,0.3437,0.2039,0.3381
PPIFIS,81,26,0.1469,0.1852,0.1469,0.1845,0.147,0.1845,0.192,0.2518
RSAFS,81,178,0.5011,0.2222,0.5011,0.6742,0.4944,0.6679,0.4953,0.6672
RSAFSNA,81,178,0.5506,0.037,0.5506,0.707,0.549,0.7017,0.5449,0.6951
RSXFS,81,178,0.5321,0.2346,0.5321,0.7502,0.5292,0.7467,0.5288,0.7453
TOTBUSSMSA,81,34,0.3383,0.1235,0.3383,0.4611,0.3483,0.4789,0.3458,0.5107
TSIFRGHT,81,18,0.7135,0.2593,0.7135,1.0966,0.7167,1.0928,0.7135,1.0966
TSITTL,75,18,0.9045,0.2933,0.9045,1.7339,0.9056,1.7466,0.9045,1.7339
