pair_id,series_id,vintage_prev,vintage_next,n_revised,earliest_revised_obs,latest_revised_obs,revision_depth_months,mean_abs_pct_revision,max_abs_pct_revision,net_pct_revision,ks_growth_window,rebase_like,proposed_rule,proposed_cause,proposed_secondary_cause,doc_event_key,final_cause,final_secondary_cause,agency_source_url,agency_source_quote,verified_by,verified_date,notes
FD-RSAFS-20020503,RSAFS,2002-04-12,2002-05-03,123,1992-01-01,2002-03-01,124.0,0.179987,1.065375,-0.115561,0.04918,False,R30_CENSUS_ANNUAL,annual_benchmark,,,,,,,,,
FD-RSAFS-20030430,RSAFS,2003-04-11,2003-04-30,135,1992-01-01,2003-03-01,135.0,0.436103,0.977601,0.179851,0.044776,False,R30_CENSUS_ANNUAL,annual_benchmark,,,,,,,,,
FD-RSAFS-20040330,RSAFS,2004-03-11,2004-03-30,110,1995-01-01,2004-02-01,110.0,0.172123,0.713077,-0.102326,0.054545,False,R30_CENSUS_ANNUAL,annual_benchmark,,,,,,,,,
FD-RSAFS-20040402,RSAFS,2004-03-30,2004-04-02,107,1995-01-01,2004-01-01,111.0,0.020987,0.150035,0.001245,0.027523,False,R30_CENSUS_ANNUAL,annual_benchmark,,,,,,,,,
FD-RSAFS-20050331,RSAFS,2005-03-15,2005-03-31,158,1992-01-01,2005-02-01,158.0,2.688398,4.075574,-2.688398,0.038217,False,R30_CENSUS_ANNUAL,annual_benchmark,,,,,,,,,
FD-RSAFS-20060330,RSAFS,2006-03-14,2006-03-30,170,1992-01-01,2006-02-01,170.0,0.602575,2.373335,0.061498,0.04142,False,R30_CENSUS_ANNUAL,annual_benchmark,,,,,,,,,
FD-RSAFS-20070329,RSAFS,2007-03-13,2007-03-29,74,2001-01-01,2007-02-01,74.0,0.319913,0.940872,-0.280693,0.054054,False,R30_CENSUS_ANNUAL,annual_benchmark,,,,,,,,,
FD-RSAFS-20080430,RSAFS,2008-04-14,2008-04-30,75,2002-01-01,2008-03-01,75.0,0.279379,0.932565,-0.247288,0.04,False,R30_CENSUS_ANNUAL,annual_benchmark,,,,,,,,,
FD-RSAFS-20090430,RSAFS,2009-04-14,2009-04-30,87,2002-01-01,2009-03-01,87.0,0.546958,2.060875,-0.516483,0.057471,False,R30_CENSUS_ANNUAL,annual_benchmark,,,,,,,,,
FD-RSAFS-20100430,RSAFS,2010-04-14,2010-04-30,123,2000-01-01,2010-03-01,123.0,0.208204,0.643705,0.1595,0.04878,False,R30_CENSUS_ANNUAL,annual_benchmark,,,,,,,,,
FD-RSAFS-20110429,RSAFS,2011-04-13,2011-04-29,187,1995-01-01,2011-03-01,195.0,0.197609,1.187289,-0.152107,0.030769,False,R30_CENSUS_ANNUAL,annual_benchmark,,,,,,,,,
FD-RSAFS-20120430,RSAFS,2012-04-16,2012-04-30,243,1992-01-01,2012-03-01,243.0,0.292561,1.361414,-0.290308,0.045455,False,R30_CENSUS_ANNUAL,annual_benchmark,,,,,,,,,
FD-RSAFS-20130531,RSAFS,2013-05-13,2013-05-31,155,1992-05-01,2013-04-01,252.0,0.103314,0.778117,-0.044802,0.031746,False,R30_CENSUS_ANNUAL,annual_benchmark,,,,,,,,,
FD-RSAFS-20140513,RSAFS,2014-04-14,2014-05-13,91,2006-08-01,2014-03-01,93.0,0.12993,0.708296,-0.101088,0.043478,False,R30_CENSUS_ANNUAL,annual_benchmark,,,,,,,,,
FD-RSAFS-20150513,RSAFS,2015-04-14,2015-05-13,166,2000-02-01,2015-03-01,183.0,0.382956,1.5771,-0.376816,0.027473,False,R30_CENSUS_ANNUAL,annual_benchmark,,,,,,,,,
FD-RSAFS-20160513,RSAFS,2016-04-13,2016-05-13,135,2005-01-01,2016-03-01,136.0,0.101963,0.497856,-0.027554,0.059259,False,R30_CENSUS_ANNUAL,annual_benchmark,,,,,,,,,
FD-RSAFS-20160715,RSAFS,2016-06-14,2016-07-15,6,2015-03-01,2016-05-01,16.0,0.063158,0.282018,-0.046813,0.066667,False,R30_CENSUS_ANNUAL,annual_benchmark,,,,,,,,,
FD-RSAFS-20170512,RSAFS,2017-04-14,2017-05-12,145,2005-01-01,2017-03-01,148.0,0.104565,0.785471,0.069781,0.047619,False,R30_CENSUS_ANNUAL,annual_benchmark,,,,,,,,,
FD-RSAFS-20180525,RSAFS,2018-05-15,2018-05-25,315,1992-01-01,2018-04-01,316.0,0.040219,0.37534,-0.009203,0.025397,False,R30_CENSUS_ANNUAL,annual_benchmark,sample_redesign;rebase_or_definition,CENSUS_MRTS_SAMPLE_2018;CENSUS_NAICS2012_2018,,,,,,,
FD-RSAFS-20190716,RSAFS,2019-06-14,2019-07-16,112,2010-01-01,2019-05-01,114.0,0.101306,0.685042,-0.068942,0.061947,False,R30_CENSUS_ANNUAL,annual_benchmark,,,,,,,,,
FD-RSAFS-20200515,RSAFS,2020-04-15,2020-05-15,87,2013-01-01,2020-03-01,88.0,0.124229,0.636473,-0.084703,0.057471,False,R30_CENSUS_ANNUAL,annual_benchmark,,,,,,,,,
FD-RSAFS-20210426,RSAFS,2021-04-15,2021-04-26,135,2010-01-01,2021-03-01,135.0,0.18532,0.875592,-0.142493,0.044444,False,R30_CENSUS_ANNUAL,annual_benchmark,,,,,,,,,
FD-RSAFS-20220425,RSAFS,2022-04-14,2022-04-25,147,2010-01-01,2022-03-01,147.0,0.133087,1.428391,0.024808,0.034014,False,R30_CENSUS_ANNUAL,annual_benchmark,,,,,,,,,
FD-RSAFS-20221215,RSAFS,2022-11-16,2022-12-15,4,2021-10-01,2022-10-01,14.0,0.22712,0.430405,-0.011917,0.076923,False,R20_ROUTINE_MARTS_SA,advance_to_revised,sample_redesign,CENSUS_MARTS_SAMPLE_2022,,,,,,,
FD-RSAFS-20230424,RSAFS,2023-04-14,2023-04-24,159,2010-01-01,2023-03-01,159.0,0.232248,1.623381,-0.184533,0.044025,False,R30_CENSUS_ANNUAL,annual_benchmark,,,,,,,,,
FD-RSAFS-20240423,RSAFS,2024-04-15,2024-04-23,171,2010-01-01,2024-03-01,171.0,0.117146,0.959393,-0.084126,0.035088,False,R30_CENSUS_ANNUAL,annual_benchmark,,,,,,,,,
FD-RSAFS-20250425,RSAFS,2025-04-16,2025-04-25,399,1992-01-01,2025-03-01,399.0,2.166774,3.210965,-2.166774,0.030151,False,R30_CENSUS_ANNUAL,annual_benchmark,,,,,,,,,
FD-RSAFS-20260928,RSAFS,2026-09-16,2026-09-28,140,2015-01-01,2026-08-01,140.0,1.132665,4.675256,-1.042353,0.05,False,R90_UNCLASSIFIED,unclassified,,,,,,,,,
FD-RSXFS-20020503,RSXFS,2002-04-12,2002-05-03,123,1992-01-01,2002-03-01,124.0,0.199178,1.146403,-0.122811,0.057377,False,R30_CENSUS_ANNUAL,annual_benchmark,,,,,,,,,
FD-RSXFS-20030430,RSXFS,2003-04-11,2003-04-30,135,1992-01-01,2003-03-01,135.0,0.457056,0.949157,0.217418,0.037313,False,R30_CENSUS_ANNUAL,annual_benchmark,,,,,,,,,
FD-RSXFS-20040330,RSXFS,2004-03-11,2004-03-30,109,1995-01-01,2004-02-01,110.0,0.180473,0.76887,-0.109105,0.045455,False,R30_CENSUS_ANNUAL,annual_benchmark,,,,,,,,,
FD-RSXFS-20040402,RSXFS,2004-03-30,2004-04-02,107,1995-01-01,2004-01-01,111.0,0.023574,0.165669,0.001691,0.027523,False,R30_CENSUS_ANNUAL,annual_benchmark,,,,,,,,,
FD-RSXFS-20050331,RSXFS,2005-03-15,2005-03-31,158,1992-01-01,2005-02-01,158.0,2.91402,4.201597,-2.91402,0.044586,False,R30_CENSUS_ANNUAL,annual_benchmark,,,,,,,,,
FD-RSXFS-20060330,RSXFS,2006-03-14,2006-03-30,170,1992-01-01,2006-02-01,170.0,0.628944,2.369161,0.107092,0.047337,False,R30_CENSUS_ANNUAL,annual_benchmark,,,,,,,,,
FD-RSXFS-20070329,RSXFS,2007-03-13,2007-03-29,74,2001-01-01,2007-02-01,74.0,0.33108,0.989145,-0.288668,0.054054,False,R30_CENSUS_ANNUAL,annual_benchmark,,,,,,,,,
FD-RSXFS-20080430,RSXFS,2008-04-14,2008-04-30,75,2002-01-01,2008-03-01,75.0,0.242367,0.843717,-0.209112,0.04,False,R30_CENSUS_ANNUAL,annual_benchmark,,,,,,,,,
FD-RSXFS-20090430,RSXFS,2009-04-14,2009-04-30,87,2002-01-01,2009-03-01,87.0,0.555564,2.139972,-0.521245,0.057471,False,R30_CENSUS_ANNUAL,annual_benchmark,,,,,,,,,
FD-RSXFS-20100430,RSXFS,2010-04-14,2010-04-30,123,2000-01-01,2010-03-01,123.0,0.169891,0.552451,0.09289,0.056911,False,R30_CENSUS_ANNUAL,annual_benchmark,,,,,,,,,
FD-RSXFS-20110429,RSXFS,2011-04-13,2011-04-29,135,2000-01-01,2011-03-01,135.0,0.262385,1.175717,-0.193132,0.044444,False,R30_CENSUS_ANNUAL,annual_benchmark,,,,,,,,,
FD-RSXFS-20120430,RSXFS,2012-04-16,2012-04-30,243,1992-01-01,2012-03-01,243.0,0.29918,1.536793,-0.295938,0.049587,False,R30_CENSUS_ANNUAL,annual_benchmark,,,,,,,,,
FD-RSXFS-20130531,RSXFS,2013-05-13,2013-05-31,155,1992-05-01,2013-04-01,252.0,0.117821,0.905465,-0.057293,0.031746,False,R30_CENSUS_ANNUAL,annual_benchmark,,,,,,,,,
FD-RSXFS-20140513,RSXFS,2014-04-14,2014-05-13,90,2006-08-01,2014-03-01,93.0,0.091939,0.501907,-0.054392,0.043478,False,R30_CENSUS_ANNUAL,annual_benchmark,,,,,,,,,
FD-RSXFS-20150513,RSXFS,2015-04-14,2015-05-13,166,2000-02-01,2015-03-01,183.0,0.45001,1.862585,-0.443105,0.032967,False,R30_CENSUS_ANNUAL,annual_benchmark,,,,,,,,,
FD-RSXFS-20160513,RSXFS,2016-04-13,2016-05-13,135,2005-01-01,2016-03-01,136.0,0.112907,0.560103,-0.021279,0.074074,False,R30_CENSUS_ANNUAL,annual_benchmark,,,,,,,,,
FD-RSXFS-20160715,RSXFS,2016-06-14,2016-07-15,6,2015-03-01,2016-05-01,16.0,0.060467,0.237034,-0.037879,0.066667,False,R30_CENSUS_ANNUAL,annual_benchmark,,,,,,,,,
FD-RSXFS-20170512,RSXFS,2017-04-14,2017-05-12,146,2005-01-01,2017-03-01,148.0,0.111599,0.892848,0.068119,0.034014,False,R30_CENSUS_ANNUAL,annual_benchmark,,,,,,,,,
FD-RSXFS-20180525,RSXFS,2018-05-15,2018-05-25,315,1992-01-01,2018-04-01,316.0,0.041905,0.390483,-0.007417,0.034921,False,R30_CENSUS_ANNUAL,annual_benchmark,sample_redesign;rebase_or_definition,CENSUS_MRTS_SAMPLE_2018;CENSUS_NAICS2012_2018,,,,,,,
FD-RSXFS-20190716,RSXFS,2019-06-14,2019-07-16,112,2010-01-01,2019-05-01,114.0,0.193211,1.14852,-0.170843,0.061947,False,R30_CENSUS_ANNUAL,annual_benchmark,,,,,,,,,
FD-RSXFS-20200515,RSXFS,2020-04-15,2020-05-15,87,2013-01-01,2020-03-01,88.0,0.123185,0.702866,-0.053271,0.068966,False,R30_CENSUS_ANNUAL,annual_benchmark,,,,,,,,,
FD-RSXFS-20210426,RSXFS,2021-04-15,2021-04-26,135,2010-01-01,2021-03-01,135.0,0.230259,1.080168,-0.188569,0.051852,False,R30_CENSUS_ANNUAL,annual_benchmark,,,,,,,,,
FD-RSXFS-20220425,RSXFS,2022-04-14,2022-04-25,147,2010-01-01,2022-03-01,147.0,0.157719,1.498556,-0.098617,0.061224,False,R30_CENSUS_ANNUAL,annual_benchmark,,,,,,,,,
FD-RSXFS-20221215,RSXFS,2022-11-16,2022-12-15,4,2021-10-01,2022-10-01,14.0,0.261023,0.46103,-0.030508,0.076923,False,R20_ROUTINE_MARTS_SA,advance_to_revised,sample_redesign,CENSUS_MARTS_SAMPLE_2022,,,,,,,
FD-RSXFS-20230424,RSXFS,2023-04-14,2023-04-24,159,2010-01-01,2023-03-01,159.0,0.172432,1.543745,-0.112668,0.037736,False,R30_CENSUS_ANNUAL,annual_benchmark,,,,,,,,,
FD-RSXFS-20240423,RSXFS,2024-04-15,2024-04-23,170,2010-01-01,2024-03-01,171.0,0.148108,1.118854,-0.11162,0.02924,False,R30_CENSUS_ANNUAL,annual_benchmark,,,,,,,,,
FD-RSXFS-20250425,RSXFS,2025-04-16,2025-04-25,399,1992-01-01,2025-03-01,399.0,2.140476,3.316937,-2.140476,0.027638,False,R30_CENSUS_ANNUAL,annual_benchmark,,,,,,,,,
FD-RSXFS-20260928,RSXFS,2026-09-16,2026-09-28,140,2015-01-01,2026-08-01,140.0,0.911956,3.436906,-0.416944,0.042857,False,R90_UNCLASSIFIED,unclassified,,,,,,,,,
FD-RSAFSNA-20020503,RSAFSNA,2002-04-12,2002-05-03,121,1992-01-01,2002-03-01,124.0,0.180345,0.902749,-0.106221,0.016393,False,R30_CENSUS_ANNUAL,annual_benchmark,,,,,,,,,
FD-RSAFSNA-20030430,RSAFSNA,2003-04-11,2003-04-30,135,1992-01-01,2003-03-01,135.0,0.420944,0.8921,0.188183,0.022388,False,R30_CENSUS_ANNUAL,annual_benchmark,,,,,,,,,
FD-RSAFSNA-20040330,RSAFSNA,2004-03-11,2004-03-30,74,1998-01-01,2004-02-01,74.0,0.227724,0.732997,-0.17349,0.027027,False,R30_CENSUS_ANNUAL,annual_benchmark,,,,,,,,,
FD-RSAFSNA-20050331,RSAFSNA,2005-03-15,2005-03-31,158,1992-01-01,2005-02-01,158.0,2.701369,4.041026,-2.701369,0.025478,False,R30_CENSUS_ANNUAL,annual_benchmark,,,,,,,,,
FD-RSAFSNA-20060330,RSAFSNA,2006-03-14,2006-03-30,170,1992-01-01,2006-02-01,170.0,0.596154,1.703105,0.064585,0.017751,False,R30_CENSUS_ANNUAL,annual_benchmark,,,,,,,,,
FD-RSAFSNA-20070329,RSAFSNA,2007-03-13,2007-03-29,38,2004-01-01,2007-02-01,38.0,0.543006,0.931065,-0.534616,0.026316,False,R30_CENSUS_ANNUAL,annual_benchmark,,,,,,,,,
FD-RSAFSNA-20080430,RSAFSNA,2008-04-14,2008-04-30,39,2005-01-01,2008-03-01,39.0,0.430108,0.776795,-0.430108,0.051282,False,R30_CENSUS_ANNUAL,annual_benchmark,,,,,,,,,
FD-RSAFSNA-20090430,RSAFSNA,2009-04-14,2009-04-30,51,2005-01-01,2009-03-01,51.0,0.796506,1.633621,-0.792966,0.039216,False,R30_CENSUS_ANNUAL,annual_benchmark,,,,,,,,,
FD-RSAFSNA-20100430,RSAFSNA,2010-04-14,2010-04-30,87,2003-01-01,2010-03-01,87.0,0.259114,0.552229,0.195443,0.034483,False,R30_CENSUS_ANNUAL,annual_benchmark,,,,,,,,,
FD-RSAFSNA-20110429,RSAFSNA,2011-04-13,2011-04-29,156,1998-02-01,2011-03-01,158.0,0.196477,1.170377,-0.190928,0.018987,False,R30_CENSUS_ANNUAL,annual_benchmark,,,,,,,,,
FD-RSAFSNA-20120430,RSAFSNA,2012-04-16,2012-04-30,243,1992-01-01,2012-03-01,243.0,0.295122,1.265984,-0.295122,0.008264,False,R30_CENSUS_ANNUAL,annual_benchmark,,,,,,,,,
FD-RSAFSNA-20130531,RSAFSNA,2013-05-13,2013-05-31,80,1992-06-01,2013-04-01,251.0,0.111831,0.583217,-0.074332,0.011952,False,R30_CENSUS_ANNUAL,annual_benchmark,,,,,,,,,
FD-RSAFSNA-20140513,RSAFSNA,2014-04-14,2014-05-13,39,2011-01-01,2014-03-01,40.0,0.220273,0.575374,-0.211154,0.051282,False,R30_CENSUS_ANNUAL,annual_benchmark,,,,,,,,,
FD-RSAFSNA-20150513,RSAFSNA,2015-04-14,2015-05-13,147,2003-01-01,2015-03-01,148.0,0.421267,1.368338,-0.421267,0.020408,False,R30_CENSUS_ANNUAL,annual_benchmark,,,,,,,,,
FD-RSAFSNA-20160513,RSAFSNA,2016-04-13,2016-05-13,99,2008-01-01,2016-03-01,100.0,0.099141,0.312135,-0.031566,0.020202,False,R30_CENSUS_ANNUAL,annual_benchmark,,,,,,,,,
FD-RSAFSNA-20170512,RSAFSNA,2017-04-14,2017-05-12,111,2008-01-01,2017-03-01,112.0,0.101839,0.602098,0.092227,0.018018,False,R30_CENSUS_ANNUAL,annual_benchmark,,,,,,,,,
FD-RSAFSNA-20180525,RSAFSNA,2018-05-15,2018-05-25,121,2008-01-01,2018-04-01,124.0,0.04215,0.416318,-0.027113,0.016129,False,R30_CENSUS_ANNUAL,annual_benchmark,sample_redesign;rebase_or_definition,CENSUS_MRTS_SAMPLE_2018;CENSUS_NAICS2012_2018,,,,,,,
FD-RSAFSNA-20190716,RSAFSNA,2019-06-14,2019-07-16,76,2013-01-01,2019-05-01,78.0,0.100768,0.392122,-0.088301,0.025974,False,R30_CENSUS_ANNUAL,annual_benchmark,,,,,,,,,
FD-RSAFSNA-20200515,RSAFSNA,2020-04-15,2020-05-15,51,2016-01-01,2020-03-01,52.0,0.182648,0.746765,-0.131049,0.039216,False,R30_CENSUS_ANNUAL,annual_benchmark,,,,,,,,,
FD-RSAFSNA-20210426,RSAFSNA,2021-04-15,2021-04-26,99,2013-01-01,2021-03-01,99.0,0.2442,0.914886,-0.202521,0.030303,False,R30_CENSUS_ANNUAL,annual_benchmark,,,,,,,,,
FD-RSAFSNA-20220425,RSAFSNA,2022-04-14,2022-04-25,110,2013-01-01,2022-03-01,111.0,0.092736,0.629735,0.026707,0.018018,False,R30_CENSUS_ANNUAL,annual_benchmark,,,,,,,,,
FD-RSAFSNA-20221215,RSAFSNA,2022-11-16,2022-12-15,2,2022-09-01,2022-10-01,3.0,0.072431,0.082815,0.072431,,False,R21_ROUTINE_MARTS_NSA,advance_to_revised,sample_redesign,CENSUS_MARTS_SAMPLE_2022,,,,,,,
FD-RSAFSNA-20230424,RSAFSNA,2023-04-14,2023-04-24,123,2013-01-01,2023-03-01,123.0,0.225267,1.322236,-0.186493,0.02439,False,R30_CENSUS_ANNUAL,annual_benchmark,,,,,,,,,
FD-RSAFSNA-20240423,RSAFSNA,2024-04-15,2024-04-23,134,2013-01-01,2024-03-01,135.0,0.125683,0.750588,-0.097533,0.014815,False,R30_CENSUS_ANNUAL,annual_benchmark,,,,,,,,,
FD-RSAFSNA-20250425,RSAFSNA,2025-04-16,2025-04-25,399,1992-01-01,2025-03-01,399.0,2.164982,3.200973,-2.164982,0.01005,False,R30_CENSUS_ANNUAL,annual_benchmark,,,,,,,,,
FD-RSAFSNA-20260928,RSAFSNA,2026-09-16,2026-09-28,104,2018-01-01,2026-08-01,104.0,1.526482,4.965197,-1.408397,0.019231,False,R90_UNCLASSIFIED,unclassified,,,,,,,,,
FD-MRTSSM44X72USS-20180314,MRTSSM44X72USS,2018-02-14,2018-03-14,5,2016-04-01,2017-12-01,23.0,0.094,0.13967,-0.043377,0.095238,False,R30_CENSUS_ANNUAL,annual_benchmark,,,,,,,,,
FD-MRTSSM44X72USS-20180525,MRTSSM44X72USS,2018-05-15,2018-05-25,314,1992-01-01,2018-03-01,316.0,0.038814,0.325339,-0.005444,0.022293,False,R30_CENSUS_ANNUAL,annual_benchmark,sample_redesign;rebase_or_definition,CENSUS_MRTS_SAMPLE_2018;CENSUS_NAICS2012_2018,,,,,,,
FD-MRTSSM44X72USS-20180914,MRTSSM44X72USS,2018-08-15,2018-09-14,5,2017-04-01,2018-06-01,17.0,0.034899,0.057866,0.011753,0.066667,False,R90_UNCLASSIFIED,unclassified,,,,,,,,,
FD-MRTSSM44X72USS-20181115,MRTSSM44X72USS,2018-10-15,2018-11-15,4,2017-06-01,2018-08-01,17.0,0.131707,0.204278,0.068582,0.066667,False,R90_UNCLASSIFIED,unclassified,,,,,,,,,
FD-MRTSSM44X72USS-20190716,MRTSSM44X72USS,2019-06-14,2019-07-16,111,2010-01-01,2019-04-01,114.0,0.10104,0.685042,-0.068384,0.0625,False,R30_CENSUS_ANNUAL,annual_benchmark,,,,,,,,,
FD-MRTSSM44X72USS-20200515,MRTSSM44X72USS,2020-04-15,2020-05-15,86,2013-01-01,2020-02-01,88.0,0.124686,0.636473,-0.086675,0.05814,False,R30_CENSUS_ANNUAL,annual_benchmark,,,,,,,,,
FD-MRTSSM44X72USS-20200814,MRTSSM44X72USS,2020-07-16,2020-08-14,7,2019-04-01,2020-05-01,16.0,0.085763,0.155623,-0.014776,0.142857,False,R90_UNCLASSIFIED,unclassified,,,,,,,,,
FD-MRTSSM44X72USS-20210426,MRTSSM44X72USS,2021-04-15,2021-04-26,134,2010-01-01,2021-02-01,135.0,0.18109,0.875592,-0.137944,0.044776,False,R30_CENSUS_ANNUAL,annual_benchmark,,,,,,,,,
FD-MRTSSM44X72USS-20220425,MRTSSM44X72USS,2022-04-14,2022-04-25,146,2010-01-01,2022-02-01,147.0,0.131943,1.428391,0.022922,0.034247,False,R30_CENSUS_ANNUAL,annual_benchmark,,,,,,,,,
FD-MRTSSM44X72USS-20230424,MRTSSM44X72USS,2023-04-14,2023-04-24,158,2010-01-01,2023-02-01,159.0,0.225822,1.623381,-0.177805,0.044304,False,R30_CENSUS_ANNUAL,annual_benchmark,,,,,,,,,
FD-MRTSSM44X72USS-20240423,MRTSSM44X72USS,2024-04-15,2024-04-23,170,2010-01-01,2024-02-01,171.0,0.116253,0.959393,-0.083039,0.035294,False,R30_CENSUS_ANNUAL,annual_benchmark,,,,,,,,,
FD-MRTSSM44X72USS-20250425,MRTSSM44X72USS,2025-04-16,2025-04-25,398,1992-01-01,2025-02-01,399.0,2.167826,3.210965,-2.167826,0.030227,False,R30_CENSUS_ANNUAL,annual_benchmark,,,,,,,,,
FD-DGORDER-20010525,DGORDER,2001-05-02,2001-05-25,110,1992-02-01,2001-03-01,111.0,1.986831,8.236119,-1.699345,0.052627,False,R30_CENSUS_ANNUAL,annual_benchmark,,,,,,,,,
FD-DGORDER-20020424,DGORDER,2002-04-02,2002-04-24,121,1992-02-01,2002-02-01,122.0,3.329473,7.41119,-3.329473,0.058333,False,R30_CENSUS_ANNUAL,annual_benchmark,,,,,,,,,
FD-DGORDER-20020619,DGORDER,2002-05-31,2002-06-19,123,1992-02-01,2002-04-01,124.0,0.970374,4.318677,-0.508507,0.065574,False,R30_CENSUS_ANNUAL,annual_benchmark,,,,,,,,,
FD-DGORDER-20030819,DGORDER,2003-08-04,2003-08-19,137,1992-02-01,2003-06-01,138.0,0.591542,3.445817,-0.041488,0.036765,False,R90_UNCLASSIFIED,unclassified,,,,,,,,,
FD-DGORDER-20050819,DGORDER,2005-08-02,2005-08-19,160,1992-02-01,2005-06-01,162.0,0.538517,2.71311,-0.052424,0.05,False,R90_UNCLASSIFIED,unclassified,,,,,,,,,
FD-DGORDER-20060519,DGORDER,2006-05-03,2006-05-19,170,1992-02-01,2006-03-01,171.0,1.203016,6.390094,-0.782774,0.071006,False,R30_CENSUS_ANNUAL,annual_benchmark,,,,,,,,,
FD-DGORDER-20070518,DGORDER,2007-05-02,2007-05-18,182,1992-02-01,2007-03-01,183.0,0.62678,3.521784,0.003177,0.038674,False,R30_CENSUS_ANNUAL,annual_benchmark,,,,,,,,,
FD-DGORDER-20080516,DGORDER,2008-05-02,2008-05-16,194,1992-02-01,2008-03-01,195.0,0.291133,3.108416,0.07752,0.031088,False,R30_CENSUS_ANNUAL,annual_benchmark,,,,,,,,,
FD-DGORDER-20100115,DGORDER,2010-01-05,2010-01-15,106,2001-01-01,2009-10-01,108.0,0.47943,2.629194,-0.042496,0.056604,False,R90_UNCLASSIFIED,unclassified,,,,,,,,,
FD-DGORDER-20100514,DGORDER,2010-05-04,2010-05-14,218,1992-02-01,2010-03-01,219.0,1.129416,9.897556,0.99718,0.02765,False,R30_CENSUS_ANNUAL,annual_benchmark,,,,,,,,,
FD-DGORDER-20110513,DGORDER,2011-05-03,2011-05-13,230,1992-02-01,2011-03-01,231.0,1.387856,9.314711,-0.742883,0.039301,False,R30_CENSUS_ANNUAL,annual_benchmark,,,,,,,,,
FD-DGORDER-20120518,DGORDER,2012-05-02,2012-05-18,242,1992-02-01,2012-03-01,243.0,1.076352,8.843076,0.626831,0.033195,False,R30_CENSUS_ANNUAL,annual_benchmark,,,,,,,,,
FD-DGORDER-20130517,DGORDER,2013-05-03,2013-05-17,254,1992-02-01,2013-03-01,255.0,0.34536,3.784485,-0.116417,0.031621,False,R30_CENSUS_ANNUAL,annual_benchmark,,,,,,,,,
FD-DGORDER-20130524,DGORDER,2013-05-17,2013-05-24,254,1992-02-01,2013-03-01,255.0,0.34806,3.933342,0.121861,0.031621,False,R30_CENSUS_ANNUAL,annual_benchmark,,,,,,,,,
FD-DGORDER-20130528,DGORDER,2013-05-24,2013-05-28,254,1992-02-01,2013-03-01,255.0,0.341621,3.784485,-0.112677,0.031621,False,R30_CENSUS_ANNUAL,annual_benchmark,,,,,,,,,
FD-DGORDER-20140515,DGORDER,2014-05-02,2014-05-15,265,1992-02-01,2014-03-01,267.0,0.188299,2.376458,0.004428,0.022642,False,R30_CENSUS_ANNUAL,annual_benchmark,,,,,,,,,
FD-DGORDER-20150526,DGORDER,2015-05-04,2015-05-26,219,1997-01-01,2015-03-01,220.0,0.387713,2.743698,-0.094238,0.031963,False,R30_CENSUS_ANNUAL,annual_benchmark,,,,,,,,,
FD-DGORDER-20160526,DGORDER,2016-05-04,2016-05-26,230,1997-01-01,2016-03-01,232.0,0.341823,3.586837,-0.211045,0.034632,False,R30_CENSUS_ANNUAL,annual_benchmark,,,,,,,,,
FD-DGORDER-20170526,DGORDER,2017-05-04,2017-05-26,182,2002-01-01,2017-03-01,184.0,0.55412,4.317743,-0.339143,0.043716,False,R30_CENSUS_ANNUAL,annual_benchmark,,,,,,,,,
FD-DGORDER-20180525,DGORDER,2018-05-03,2018-05-25,194,2002-01-01,2018-03-01,196.0,0.471719,2.853676,-0.18104,0.051282,False,R30_CENSUS_ANNUAL,annual_benchmark,,,,,,,,,
FD-DGORDER-20190524,DGORDER,2019-05-02,2019-05-24,206,2002-02-01,2019-03-01,207.0,0.350444,1.642254,0.010765,0.029126,False,R30_CENSUS_ANNUAL,annual_benchmark,,,,,,,,,
FD-DGORDER-20200528,DGORDER,2020-05-15,2020-05-28,160,2002-01-01,2020-03-01,220.0,0.753741,3.677105,-0.527158,0.031963,False,R30_CENSUS_ANNUAL,annual_benchmark,,,,,,,,,
FD-DGORDER-20210514,DGORDER,2021-05-04,2021-05-14,171,2007-01-01,2021-03-01,172.0,1.663379,10.732124,-0.39604,0.081871,False,R30_CENSUS_ANNUAL,annual_benchmark,,,,,,,,,
FD-DGORDER-20220513,DGORDER,2022-05-03,2022-05-13,123,2012-01-01,2022-03-01,124.0,2.251634,11.375968,-1.48111,0.056911,False,R30_CENSUS_ANNUAL,annual_benchmark,,,,,,,,,
FD-DGORDER-20230512,DGORDER,2023-05-02,2023-05-12,135,2012-01-01,2023-03-01,136.0,0.950715,4.400618,0.56189,0.074074,False,R30_CENSUS_ANNUAL,annual_benchmark,,,,,,,,,
FD-DGORDER-20240514,DGORDER,2024-05-02,2024-05-14,147,2012-01-01,2024-03-01,148.0,0.503277,2.386031,0.010575,0.068027,False,R30_CENSUS_ANNUAL,annual_benchmark,,,,,,,,,
FD-DGORDER-20250527,DGORDER,2025-05-16,2025-05-27,159,2012-01-01,2025-03-01,160.0,1.260987,6.673345,1.17205,0.050314,False,R30_CENSUS_ANNUAL,annual_benchmark,,CENSUS_M3_BENCH_2025,,,,,,,
FD-AMTMNO-20120518,AMTMNO,2012-05-02,2012-05-18,241,1992-02-01,2012-03-01,243.0,0.517811,4.129581,0.283327,0.041494,False,R30_CENSUS_ANNUAL,annual_benchmark,,,,,,,,,
FD-AMTMNO-20130517,AMTMNO,2013-05-03,2013-05-17,253,1992-02-01,2013-03-01,255.0,0.199104,1.723529,-0.020171,0.035573,False,R30_CENSUS_ANNUAL,annual_benchmark,,,,,,,,,
FD-AMTMNO-20140515,AMTMNO,2014-05-02,2014-05-15,266,1992-02-01,2014-03-01,267.0,0.111543,1.048941,0.001482,0.022642,False,R30_CENSUS_ANNUAL,annual_benchmark,,,,,,,,,
FD-AMTMNO-20150602,AMTMNO,2015-05-04,2015-06-02,219,1997-01-01,2015-03-01,221.0,0.256065,2.336053,0.125954,0.03653,False,R30_CENSUS_ANNUAL,annual_benchmark,,,,,,,,,
FD-AMTMNO-20160603,AMTMNO,2016-05-04,2016-06-03,231,1997-01-01,2016-03-01,233.0,0.405039,3.091439,-0.203982,0.034632,False,R30_CENSUS_ANNUAL,annual_benchmark,,,,,,,,,
FD-AMTMNO-20170605,AMTMNO,2017-05-04,2017-06-05,183,2002-01-01,2017-03-01,185.0,0.378892,2.698317,-0.238934,0.038251,False,R30_CENSUS_ANNUAL,annual_benchmark,,,,,,,,,
FD-AMTMNO-20180604,AMTMNO,2018-05-03,2018-06-04,195,2002-01-01,2018-03-01,197.0,0.431941,2.979552,-0.295454,0.046154,False,R30_CENSUS_ANNUAL,annual_benchmark,,,,,,,,,
FD-AMTMNO-20190604,AMTMNO,2019-05-02,2019-06-04,206,2002-02-01,2019-03-01,208.0,0.196043,0.963612,0.005329,0.038835,False,R30_CENSUS_ANNUAL,annual_benchmark,,,,,,,,,
FD-AMTMNO-20200603,AMTMNO,2020-05-04,2020-06-03,160,2002-01-01,2020-03-01,221.0,0.263734,1.129932,-0.144701,0.031963,False,R30_CENSUS_ANNUAL,annual_benchmark,,,,,,,,,
FD-AMTMNO-20210514,AMTMNO,2021-05-04,2021-05-14,171,2007-01-01,2021-03-01,172.0,1.299834,8.842389,-0.796205,0.076023,False,R30_CENSUS_ANNUAL,annual_benchmark,,,,,,,,,
FD-AMTMNO-20220513,AMTMNO,2022-05-03,2022-05-13,123,2012-01-01,2022-03-01,124.0,1.412994,5.622823,-1.05912,0.065041,False,R30_CENSUS_ANNUAL,annual_benchmark,,,,,,,,,
FD-AMTMNO-20230512,AMTMNO,2023-05-02,2023-05-12,135,2012-01-01,2023-03-01,136.0,1.55739,8.312434,1.32014,0.051852,False,R30_CENSUS_ANNUAL,annual_benchmark,,,,,,,,,
FD-AMTMNO-20240514,AMTMNO,2024-05-02,2024-05-14,147,2012-01-01,2024-03-01,148.0,0.23793,1.121916,0.004783,0.040816,False,R30_CENSUS_ANNUAL,annual_benchmark,,,,,,,,,
FD-AMTMNO-20250603,AMTMNO,2025-05-02,2025-06-03,159,2012-01-01,2025-03-01,161.0,0.856247,3.108837,0.769505,0.050314,False,R30_CENSUS_ANNUAL,annual_benchmark,,,,,,,,,
FD-NEWORDER-19970618,NEWORDER,1997-06-04,1997-06-18,123,1987-01-01,1997-04-01,125.0,0.640916,3.697588,-0.523483,0.040323,False,R30_CENSUS_ANNUAL,annual_benchmark,,,,,,,,,
FD-NEWORDER-19980729,NEWORDER,1998-07-02,1998-07-29,77,1992-01-01,1998-05-01,78.0,1.007798,3.534473,0.939642,0.051948,False,R30_CENSUS_ANNUAL,annual_benchmark,,,,,,,,,
FD-NEWORDER-20010521,NEWORDER,2001-05-02,2001-05-21,110,1992-02-01,2001-03-01,111.0,34.543229,45.703125,34.543229,0.106839,False,R30_CENSUS_ANNUAL,annual_benchmark,,,,,,,,,
FD-NEWORDER-20020619,NEWORDER,2002-05-31,2002-06-19,122,1992-03-01,2002-04-01,123.0,1.314802,7.912748,-0.886114,0.057377,False,R30_CENSUS_ANNUAL,annual_benchmark,,,,,,,,,
FD-NEWORDER-20030819,NEWORDER,2003-08-04,2003-08-19,136,1992-02-01,2003-06-01,138.0,0.641738,3.377978,-0.137081,0.051471,False,R90_UNCLASSIFIED,unclassified,,,,,,,,,
FD-NEWORDER-20050819,NEWORDER,2005-08-02,2005-08-19,161,1992-02-01,2005-06-01,162.0,2.274327,12.589744,-1.657442,0.05,False,R90_UNCLASSIFIED,unclassified,,,,,,,,,
FD-NEWORDER-20060519,NEWORDER,2006-05-03,2006-05-19,170,1992-02-01,2006-03-01,171.0,1.878371,11.241284,-1.206322,0.04142,False,R30_CENSUS_ANNUAL,annual_benchmark,,,,,,,,,
FD-NEWORDER-20070518,NEWORDER,2007-05-02,2007-05-18,181,1992-02-01,2007-03-01,183.0,0.78488,6.26238,-0.304476,0.049724,False,R30_CENSUS_ANNUAL,annual_benchmark,,,,,,,,,
FD-NEWORDER-20080516,NEWORDER,2008-05-02,2008-05-16,194,1992-02-01,2008-03-01,195.0,0.460837,4.121137,0.302367,0.031088,False,R30_CENSUS_ANNUAL,annual_benchmark,,,,,,,,,
FD-NEWORDER-20100115,NEWORDER,2010-01-05,2010-01-15,106,2001-01-01,2009-10-01,108.0,0.440422,2.342668,-0.060657,0.04717,False,R90_UNCLASSIFIED,unclassified,,,,,,,,,
FD-NEWORDER-20100514,NEWORDER,2010-05-04,2010-05-14,218,1992-02-01,2010-03-01,219.0,1.03943,9.524185,0.810319,0.036866,False,R30_CENSUS_ANNUAL,annual_benchmark,,,,,,,,,
FD-NEWORDER-20110513,NEWORDER,2011-05-03,2011-05-13,230,1992-02-01,2011-03-01,231.0,0.857744,5.10171,-0.430549,0.030568,False,R30_CENSUS_ANNUAL,annual_benchmark,,,,,,,,,
FD-NEWORDER-20120518,NEWORDER,2012-05-02,2012-05-18,241,1992-02-01,2012-03-01,243.0,1.046326,6.662716,-0.441459,0.033195,False,R30_CENSUS_ANNUAL,annual_benchmark,,,,,,,,,
FD-NEWORDER-20130517,NEWORDER,2013-05-03,2013-05-17,252,1992-02-01,2013-03-01,255.0,0.574403,4.585195,-0.00907,0.043478,False,R30_CENSUS_ANNUAL,annual_benchmark,,,,,,,,,
FD-NEWORDER-20130524,NEWORDER,2013-05-17,2013-05-24,252,1992-02-01,2013-03-01,255.0,0.57463,4.384172,0.015992,0.043478,False,R30_CENSUS_ANNUAL,annual_benchmark,,,,,,,,,
FD-NEWORDER-20130528,NEWORDER,2013-05-24,2013-05-28,252,1992-02-01,2013-03-01,255.0,0.583286,4.585195,-0.000186,0.043478,False,R30_CENSUS_ANNUAL,annual_benchmark,,,,,,,,,
FD-NEWORDER-20140515,NEWORDER,2014-05-02,2014-05-15,261,1992-02-01,2014-03-01,267.0,0.214757,1.927704,0.000532,0.033962,False,R30_CENSUS_ANNUAL,annual_benchmark,,,,,,,,,
FD-NEWORDER-20150526,NEWORDER,2015-05-04,2015-05-26,218,1997-01-01,2015-03-01,220.0,0.645137,6.90914,0.206144,0.041096,False,R30_CENSUS_ANNUAL,annual_benchmark,,,,,,,,,
FD-NEWORDER-20160526,NEWORDER,2016-05-04,2016-05-26,231,1997-01-01,2016-03-01,232.0,0.984553,7.209632,-0.420255,0.04329,False,R30_CENSUS_ANNUAL,annual_benchmark,,,,,,,,,
FD-NEWORDER-20170526,NEWORDER,2017-05-04,2017-05-26,183,2002-01-01,2017-03-01,184.0,0.628596,4.264333,-0.384927,0.038251,False,R30_CENSUS_ANNUAL,annual_benchmark,,,,,,,,,
FD-NEWORDER-20180525,NEWORDER,2018-05-03,2018-05-25,194,2002-01-01,2018-03-01,196.0,0.521141,3.907094,-0.231159,0.05641,False,R30_CENSUS_ANNUAL,annual_benchmark,,,,,,,,,
FD-NEWORDER-20190524,NEWORDER,2019-05-02,2019-05-24,206,2002-02-01,2019-03-01,207.0,0.291864,0.839404,-0.00399,0.043689,False,R30_CENSUS_ANNUAL,annual_benchmark,,,,,,,,,
FD-NEWORDER-20200528,NEWORDER,2020-05-15,2020-05-28,160,2002-01-01,2020-03-01,220.0,1.307386,6.93996,-1.120317,0.041096,False,R30_CENSUS_ANNUAL,annual_benchmark,,,,,,,,,
FD-NEWORDER-20210514,NEWORDER,2021-05-04,2021-05-14,170,2007-01-01,2021-03-01,172.0,0.51552,2.667803,-0.021863,0.046784,False,R30_CENSUS_ANNUAL,annual_benchmark,,,,,,,,,
FD-NEWORDER-20220513,NEWORDER,2022-05-03,2022-05-13,123,2012-01-01,2022-03-01,124.0,2.454817,11.697605,-1.964287,0.065041,False,R30_CENSUS_ANNUAL,annual_benchmark,,,,,,,,,
FD-NEWORDER-20230512,NEWORDER,2023-05-02,2023-05-12,134,2012-01-01,2023-03-01,136.0,0.524257,3.187357,-0.34636,0.081481,False,R30_CENSUS_ANNUAL,annual_benchmark,,,,,,,,,
FD-NEWORDER-20240514,NEWORDER,2024-05-02,2024-05-14,147,2012-01-01,2024-03-01,148.0,0.166838,0.68755,-0.000725,0.040816,False,R30_CENSUS_ANNUAL,annual_benchmark,,,,,,,,,
FD-NEWORDER-20250527,NEWORDER,2025-05-16,2025-05-27,159,2012-01-01,2025-03-01,160.0,1.328825,6.439383,1.259814,0.037736,False,R30_CENSUS_ANNUAL,annual_benchmark,,CENSUS_M3_BENCH_2025,,,,,,,
FD-BUSINV-19970514,BUSINV,1997-04-15,1997-05-14,50,1993-01-01,1997-02-01,52.0,0.081511,0.218119,-0.070458,0.06,False,R30_CENSUS_ANNUAL,annual_benchmark,,,,,,,,,
FD-BUSINV-19970716,BUSINV,1997-06-13,1997-07-16,122,1987-01-01,1997-04-01,126.0,0.162085,0.753121,-0.159978,0.048387,False,R30_CENSUS_ANNUAL,annual_benchmark,,,,,,,,,
FD-BUSINV-19980514,BUSINV,1998-04-15,1998-05-14,98,1990-01-01,1998-02-01,100.0,0.157027,0.473087,0.15093,0.05102,False,R30_CENSUS_ANNUAL,annual_benchmark,,,,,,,,,
FD-BUSINV-19980814,BUSINV,1998-07-15,1998-08-14,77,1992-01-01,1998-05-01,79.0,0.128738,0.395852,0.123424,0.051948,False,R90_UNCLASSIFIED,unclassified,,,,,,,,,
FD-BUSINV-19990813,BUSINV,1999-07-15,1999-08-13,113,1990-01-01,1999-05-01,115.0,0.261339,0.830054,0.260563,0.053097,False,R90_UNCLASSIFIED,unclassified,,,,,,,,,
FD-BUSINV-20000512,BUSINV,2000-04-14,2000-05-12,121,1990-01-01,2000-02-01,124.0,0.115066,0.479481,0.112408,0.04918,False,R30_CENSUS_ANNUAL,annual_benchmark,,,,,,,,,
FD-BUSINV-20000614,BUSINV,2000-05-12,2000-06-14,60,1995-01-01,2000-03-01,65.0,0.055161,0.201487,0.052251,0.079365,False,R30_CENSUS_ANNUAL,annual_benchmark,,,,,,,,,
FD-BUSINV-20010614,BUSINV,2001-05-14,2001-06-14,111,1992-01-01,2001-03-01,113.0,0.87952,1.986207,-0.87952,0.065192,False,R30_CENSUS_ANNUAL,annual_benchmark,,,,,,,,,
FD-BUSINV-20020515,BUSINV,2002-04-15,2002-05-15,122,1992-01-01,2002-02-01,124.0,0.550002,1.093593,-0.550002,0.041322,False,R30_CENSUS_ANNUAL,annual_benchmark,,,,,,,,,
FD-BUSINV-20020715,BUSINV,2002-06-14,2002-07-15,124,1992-01-01,2002-04-01,126.0,0.049809,0.310404,-0.01032,0.04065,False,R30_CENSUS_ANNUAL,annual_benchmark,,,,,,,,,
FD-BUSINV-20030414,BUSINV,2003-03-14,2003-04-14,133,1992-01-01,2003-01-01,135.0,0.08619,0.206592,-0.060661,0.022727,False,R30_CENSUS_ANNUAL,annual_benchmark,,,,,,,,,
FD-BUSINV-20030515,BUSINV,2003-04-14,2003-05-15,134,1992-01-01,2003-02-01,136.0,0.172833,0.981876,0.171078,0.030075,False,R30_CENSUS_ANNUAL,annual_benchmark,,,,,,,,,
FD-BUSINV-20030915,BUSINV,2003-08-13,2003-09-15,138,1992-01-01,2003-06-01,140.0,0.604179,1.33196,0.604179,0.036496,False,R90_UNCLASSIFIED,unclassified,,,,,,,,,
FD-BUSINV-20040312,BUSINV,2004-02-12,2004-03-12,144,1992-01-01,2003-12-01,146.0,0.05786,0.132137,-0.036031,0.027972,False,R30_CENSUS_ANNUAL,annual_benchmark,,,,,,,,,
FD-BUSINV-20040413,BUSINV,2004-03-12,2004-04-13,145,1992-01-01,2004-01-01,147.0,0.078243,0.631836,-0.059441,0.034722,False,R30_CENSUS_ANNUAL,annual_benchmark,,,,,,,,,
FD-BUSINV-20050414,BUSINV,2005-03-15,2005-04-14,157,1992-01-01,2005-01-01,159.0,0.349212,0.696089,-0.349212,0.032051,False,R30_CENSUS_ANNUAL,annual_benchmark,,,,,,,,,
FD-BUSINV-20050915,BUSINV,2005-08-11,2005-09-15,161,1992-01-01,2005-06-01,164.0,0.457602,1.847297,-0.443074,0.043478,False,R90_UNCLASSIFIED,unclassified,,,,,,,,,
FD-BUSINV-20060413,BUSINV,2006-03-14,2006-04-13,169,1992-01-01,2006-01-01,171.0,0.065316,0.271885,0.050034,0.029762,False,R30_CENSUS_ANNUAL,annual_benchmark,,,,,,,,,
FD-BUSINV-20060613,BUSINV,2006-05-11,2006-06-13,168,1992-01-01,2006-03-01,173.0,0.309631,1.494365,-0.147949,0.035294,False,R30_CENSUS_ANNUAL,annual_benchmark,,,,,,,,,
FD-BUSINV-20070416,BUSINV,2007-03-13,2007-04-16,132,1996-01-01,2007-01-01,135.0,0.19603,0.607155,-0.194385,0.037594,False,R30_CENSUS_ANNUAL,annual_benchmark,,,,,,,,,
FD-BUSINV-20070613,BUSINV,2007-05-11,2007-06-13,183,1992-01-01,2007-03-01,185.0,0.480245,2.186794,0.08391,0.038462,False,R30_CENSUS_ANNUAL,annual_benchmark,,,,,,,,,
FD-BUSINV-20080414,BUSINV,2008-03-13,2008-04-14,145,1996-01-01,2008-01-01,147.0,0.109475,0.30243,0.107618,0.027586,False,R30_CENSUS_ANNUAL,annual_benchmark,,,,,,,,,
FD-BUSINV-20080513,BUSINV,2008-04-14,2008-05-13,144,1996-01-01,2008-02-01,148.0,0.07327,0.363722,-0.072141,0.034247,False,R30_CENSUS_ANNUAL,annual_benchmark,,,,,,,,,
FD-BUSINV-20080612,BUSINV,2008-05-13,2008-06-12,194,1992-01-01,2008-03-01,197.0,0.041276,0.476258,-0.009464,0.020619,False,R30_CENSUS_ANNUAL,annual_benchmark,,,,,,,,,
FD-BUSINV-20090414,BUSINV,2009-03-12,2009-04-14,157,1996-01-01,2009-01-01,159.0,0.073889,0.560261,0.06963,0.025478,False,R30_CENSUS_ANNUAL,annual_benchmark,,,,,,,,,
FD-BUSINV-20090513,BUSINV,2009-04-14,2009-05-13,131,1996-03-01,2009-02-01,158.0,0.04524,0.282188,-0.015025,0.044872,False,R30_CENSUS_ANNUAL,annual_benchmark,,,,,,,,,
FD-BUSINV-20100128,BUSINV,2010-01-14,2010-01-28,104,2001-01-01,2009-09-01,108.0,0.032791,0.140532,-0.005252,0.057143,False,R90_UNCLASSIFIED,unclassified,,,,,,,,,
FD-BUSINV-20100414,BUSINV,2010-03-12,2010-04-14,158,1996-01-01,2010-01-01,171.0,0.169061,0.767762,0.130765,0.029586,False,R30_CENSUS_ANNUAL,annual_benchmark,,,,,,,,,
FD-BUSINV-20100514,BUSINV,2010-04-14,2010-05-14,217,1992-01-01,2010-02-01,220.0,0.273561,2.211505,0.258735,0.041475,False,R30_CENSUS_ANNUAL,annual_benchmark,,,,,,,,,
FD-BUSINV-20110413,BUSINV,2011-03-11,2011-04-13,181,1996-01-01,2011-01-01,183.0,0.078065,0.461189,0.026143,0.027624,False,R30_CENSUS_ANNUAL,annual_benchmark,,,,,,,,,
FD-BUSINV-20110512,BUSINV,2011-04-13,2011-05-12,170,1996-01-01,2011-02-01,184.0,0.030536,0.241989,0.015059,0.021978,False,R30_CENSUS_ANNUAL,annual_benchmark,,,,,,,,,
FD-BUSINV-20110614,BUSINV,2011-05-12,2011-06-14,229,1992-01-01,2011-03-01,233.0,0.060089,0.601409,-0.011243,0.030435,False,R30_CENSUS_ANNUAL,annual_benchmark,,,,,,,,,
FD-BUSINV-20120416,BUSINV,2012-03-13,2012-04-16,192,1996-01-01,2012-01-01,195.0,0.045227,0.271649,0.016739,0.025907,False,R30_CENSUS_ANNUAL,annual_benchmark,,,,,,,,,
FD-BUSINV-20120515,BUSINV,2012-04-16,2012-05-15,242,1992-01-01,2012-02-01,244.0,0.083902,0.281476,-0.078619,0.029046,False,R30_CENSUS_ANNUAL,annual_benchmark,,,,,,,,,
FD-BUSINV-20120613,BUSINV,2012-05-15,2012-06-13,241,1992-01-01,2012-03-01,245.0,0.121059,0.70694,-0.117198,0.016529,False,R30_CENSUS_ANNUAL,annual_benchmark,,,,,,,,,
FD-BUSINV-20130613,BUSINV,2013-05-13,2013-06-13,255,1992-01-01,2013-03-01,257.0,0.177609,1.139417,0.173149,0.031496,False,R30_CENSUS_ANNUAL,annual_benchmark,,,,,,,,,
FD-BUSINV-20140414,BUSINV,2014-03-13,2014-04-14,138,2002-02-01,2014-01-01,146.0,0.193013,0.489606,-0.192508,0.027778,False,R30_CENSUS_ANNUAL,annual_benchmark,,,,,,,,,
FD-BUSINV-20140513,BUSINV,2014-04-14,2014-05-13,130,2002-01-01,2014-02-01,148.0,0.073266,0.393921,-0.069092,0.041096,False,R30_CENSUS_ANNUAL,annual_benchmark,,,,,,,,,
FD-BUSINV-20140612,BUSINV,2014-05-13,2014-06-12,267,1992-01-01,2014-03-01,269.0,0.013018,0.086107,-0.000513,0.018797,False,R30_CENSUS_ANNUAL,annual_benchmark,,,,,,,,,
FD-BUSINV-20150414,BUSINV,2015-03-12,2015-04-14,164,2000-01-01,2015-01-01,183.0,0.409965,1.340857,0.407584,0.038674,False,R30_CENSUS_ANNUAL,annual_benchmark,,,,,,,,,
FD-BUSINV-20150513,BUSINV,2015-04-14,2015-05-13,202,1997-09-01,2015-02-01,212.0,0.107771,0.39483,-0.107271,0.028571,False,R30_CENSUS_ANNUAL,annual_benchmark,,,,,,,,,
FD-BUSINV-20150611,BUSINV,2015-05-13,2015-06-11,218,1997-01-01,2015-03-01,221.0,0.039081,0.313543,-0.008065,0.031963,False,R30_CENSUS_ANNUAL,annual_benchmark,,,,,,,,,
FD-BUSINV-20160413,BUSINV,2016-03-15,2016-04-13,154,2000-03-01,2016-01-01,193.0,0.159057,0.459069,0.158719,0.020942,False,R30_CENSUS_ANNUAL,annual_benchmark,,,,,,,,,
FD-BUSINV-20160513,BUSINV,2016-04-13,2016-05-13,148,2002-04-01,2016-02-01,169.0,0.03328,0.125719,-0.031201,0.023952,False,R30_CENSUS_ANNUAL,annual_benchmark,,,,,,,,,
FD-BUSINV-20160614,BUSINV,2016-05-13,2016-06-14,231,1997-01-01,2016-03-01,233.0,0.109231,0.780342,-0.056198,0.025974,False,R30_CENSUS_ANNUAL,annual_benchmark,,,,,,,,,
FD-BUSINV-20170414,BUSINV,2017-03-15,2017-04-14,174,2000-03-01,2017-01-01,205.0,0.07361,0.443714,-0.068898,0.029557,False,R30_CENSUS_ANNUAL,annual_benchmark,,,,,,,,,
FD-BUSINV-20170512,BUSINV,2017-04-14,2017-05-12,151,2002-04-01,2017-02-01,181.0,0.034925,0.229994,-0.017414,0.022346,False,R30_CENSUS_ANNUAL,annual_benchmark,,,,,,,,,
FD-BUSINV-20170614,BUSINV,2017-05-12,2017-06-14,183,2002-01-01,2017-03-01,185.0,0.119327,0.993643,0.079051,0.038251,False,R30_CENSUS_ANNUAL,annual_benchmark,,,,,,,,,
FD-BUSINV-20180614,BUSINV,2018-05-15,2018-06-14,310,1992-01-01,2018-03-01,317.0,0.075833,0.510114,0.037997,0.022293,False,R30_CENSUS_ANNUAL,annual_benchmark,,,,,,,,,
FD-BUSINV-20190418,BUSINV,2019-04-01,2019-04-18,148,2005-05-01,2019-01-01,167.0,0.047341,0.159153,0.024852,0.024242,False,R30_CENSUS_ANNUAL,annual_benchmark,,,,,,,,,
FD-BUSINV-20190614,BUSINV,2019-05-15,2019-06-14,207,2002-01-01,2019-03-01,209.0,0.022406,0.11446,0.001307,0.028986,False,R30_CENSUS_ANNUAL,annual_benchmark,,,,,,,,,
FD-BUSINV-20190716,BUSINV,2019-06-14,2019-07-16,126,2008-01-01,2019-04-01,138.0,0.028934,0.15055,-0.027597,0.029412,False,R30_CENSUS_ANNUAL,annual_benchmark,,,,,,,,,
FD-BUSINV-20200415,BUSINV,2020-03-17,2020-04-15,176,2005-02-01,2020-01-01,182.0,0.08353,0.676428,-0.083113,0.022222,False,R30_CENSUS_ANNUAL,annual_benchmark,,,,,,,,,
FD-BUSINV-20200515,BUSINV,2020-04-15,2020-05-15,135,2008-01-01,2020-02-01,148.0,0.07774,0.326339,0.07661,0.034247,False,R30_CENSUS_ANNUAL,annual_benchmark,,,,,,,,,
FD-BUSINV-20200616,BUSINV,2020-05-15,2020-06-16,159,2007-01-01,2020-03-01,161.0,0.039316,0.271204,-0.029603,0.025157,False,R30_CENSUS_ANNUAL,annual_benchmark,,,,,,,,,
FD-BUSINV-20210415,BUSINV,2021-03-16,2021-04-15,193,2005-01-01,2021-01-01,195.0,0.36706,1.083898,0.364538,0.036269,False,R30_CENSUS_ANNUAL,annual_benchmark,,,,,,,,,
FD-BUSINV-20210514,BUSINV,2021-04-15,2021-05-14,158,2008-01-01,2021-02-01,160.0,0.096714,0.520684,-0.076726,0.044304,False,R30_CENSUS_ANNUAL,annual_benchmark,,,,,,,,,
FD-BUSINV-20210615,BUSINV,2021-05-14,2021-06-15,170,2007-01-01,2021-03-01,173.0,0.142414,0.702233,0.130407,0.035088,False,R30_CENSUS_ANNUAL,annual_benchmark,,,,,,,,,
FD-BUSINV-20220414,BUSINV,2022-03-16,2022-04-14,198,2005-01-01,2022-01-01,207.0,0.050021,0.196607,0.035941,0.019512,False,R30_CENSUS_ANNUAL,annual_benchmark,,,,,,,,,
FD-BUSINV-20220517,BUSINV,2022-04-14,2022-05-17,163,2008-01-01,2022-02-01,172.0,0.050649,0.405888,0.034888,0.035294,False,R30_CENSUS_ANNUAL,annual_benchmark,,,,,,,,,
FD-BUSINV-20220615,BUSINV,2022-05-17,2022-06-15,123,2012-01-01,2022-03-01,125.0,0.139026,0.938887,-0.131547,0.04065,False,R30_CENSUS_ANNUAL,annual_benchmark,,,,,,,,,
FD-BUSINV-20230414,BUSINV,2023-03-15,2023-04-14,213,2005-01-01,2023-01-01,219.0,0.038415,0.532979,-0.033533,0.018433,False,R30_CENSUS_ANNUAL,annual_benchmark,,,,,,,,,
FD-BUSINV-20230516,BUSINV,2023-04-14,2023-05-16,177,2008-01-01,2023-02-01,184.0,0.119792,0.9925,0.06373,0.021978,False,R30_CENSUS_ANNUAL,annual_benchmark,,,,,,,,,
FD-BUSINV-20230615,BUSINV,2023-05-16,2023-06-15,135,2012-01-01,2023-03-01,137.0,0.383501,2.324992,0.367106,0.037037,False,R30_CENSUS_ANNUAL,annual_benchmark,,,,,,,,,
FD-BUSINV-20240415,BUSINV,2024-03-14,2024-04-15,223,2005-01-01,2024-01-01,231.0,0.022923,0.17539,-0.018909,0.021834,False,R30_CENSUS_ANNUAL,annual_benchmark,,,,,,,,,
FD-BUSINV-20240515,BUSINV,2024-04-15,2024-05-15,187,2008-01-01,2024-02-01,196.0,0.103392,1.043684,-0.098321,0.025773,False,R30_CENSUS_ANNUAL,annual_benchmark,,,,,,,,,
FD-BUSINV-20250416,BUSINV,2025-03-17,2025-04-16,238,2005-02-01,2025-01-01,242.0,0.024581,0.324954,-0.016827,0.025,False,R30_CENSUS_ANNUAL,annual_benchmark,,,,,,,,,
FD-BUSINV-20250515,BUSINV,2025-04-16,2025-05-15,398,1992-01-01,2025-02-01,400.0,0.742159,0.98591,-0.742159,0.025189,False,R30_CENSUS_ANNUAL,annual_benchmark,,,,,,,,,
FD-BUSINV-20250617,BUSINV,2025-05-15,2025-06-17,159,2012-01-01,2025-03-01,161.0,0.842278,3.226798,0.83727,0.044025,False,R30_CENSUS_ANNUAL,annual_benchmark,,,,,,,,,
FD-ISRATIO-19970514,ISRATIO,1997-04-15,1997-05-14,7,1995-02-01,1997-01-01,27.0,0.70515,0.724638,-0.301309,0.083333,False,R30_CENSUS_ANNUAL,annual_benchmark,,,,,,,,,
FD-ISRATIO-19970716,ISRATIO,1997-06-13,1997-07-16,34,1992-04-01,1997-04-01,63.0,0.725821,1.388889,-0.686076,0.081967,False,R30_CENSUS_ANNUAL,annual_benchmark,,,,,,,,,
FD-ISRATIO-19980514,ISRATIO,1998-04-15,1998-05-14,23,1992-04-01,1998-02-01,73.0,0.713885,0.735294,0.596371,0.084507,False,R30_CENSUS_ANNUAL,annual_benchmark,,,,,,,,,
FD-ISRATIO-19980814,ISRATIO,1998-07-15,1998-08-14,25,1994-12-01,1998-05-01,44.0,0.721073,0.735294,0.66393,0.142857,False,R90_UNCLASSIFIED,unclassified,,,,,,,,,
FD-ISRATIO-19990813,ISRATIO,1999-07-15,1999-08-13,16,1996-05-01,1999-05-01,39.0,0.727686,0.746269,0.727686,0.162162,False,R90_UNCLASSIFIED,unclassified,,,,,,,,,
FD-ISRATIO-20000512,ISRATIO,2000-04-14,2000-05-12,20,1990-12-01,2000-01-01,113.0,0.717721,0.763359,0.231345,0.027273,False,R30_CENSUS_ANNUAL,annual_benchmark,,,,,,,,,
FD-ISRATIO-20000614,ISRATIO,2000-05-12,2000-06-14,6,1995-04-01,1999-10-01,62.0,0.720642,0.746269,-0.720642,0.054545,False,R30_CENSUS_ANNUAL,annual_benchmark,,,,,,,,,
FD-ISRATIO-20010614,ISRATIO,2001-05-14,2001-06-14,111,1992-01-01,2001-03-01,113.0,4.113716,5.594406,4.113716,0.142506,False,R30_CENSUS_ANNUAL,annual_benchmark,,,,,,,,,
FD-ISRATIO-20020515,ISRATIO,2002-04-15,2002-05-15,50,1992-06-01,2002-02-01,119.0,0.69518,0.729927,0.69518,0.034188,False,R30_CENSUS_ANNUAL,annual_benchmark,,,,,,,,,
FD-ISRATIO-20020715,ISRATIO,2002-06-14,2002-07-15,39,1992-02-01,2001-12-01,125.0,0.728931,1.388889,0.486971,0.05042,False,R30_CENSUS_ANNUAL,annual_benchmark,,,,,,,,,
FD-ISRATIO-20030414,ISRATIO,2003-03-14,2003-04-14,30,1992-04-01,2002-11-01,132.0,0.686116,0.740741,-0.493108,0.046875,False,R30_CENSUS_ANNUAL,annual_benchmark,,,,,,,,,
FD-ISRATIO-20030515,ISRATIO,2003-04-14,2003-05-15,31,1992-02-01,2003-02-01,135.0,1.037139,1.481481,0.774704,0.037594,False,R30_CENSUS_ANNUAL,annual_benchmark,,,,,,,,,
FD-ISRATIO-20030915,ISRATIO,2003-08-13,2003-09-15,65,1992-02-01,2003-06-01,139.0,0.729646,1.459854,-0.222251,0.058394,False,R90_UNCLASSIFIED,unclassified,,,,,,,,,
FD-ISRATIO-20040312,ISRATIO,2004-02-12,2004-03-12,21,1992-11-01,2003-12-01,136.0,0.693515,0.746269,-0.418888,0.044776,False,R30_CENSUS_ANNUAL,annual_benchmark,,,,,,,,,
FD-ISRATIO-20040413,ISRATIO,2004-03-12,2004-04-13,13,1992-11-01,2003-11-01,137.0,0.703597,0.740741,-0.074574,0.022556,False,R30_CENSUS_ANNUAL,annual_benchmark,,,,,,,,,
FD-ISRATIO-20050414,ISRATIO,2005-03-15,2005-04-14,63,1992-01-01,2004-04-01,159.0,0.688527,0.769231,-0.548705,0.034014,False,R30_CENSUS_ANNUAL,annual_benchmark,,,,,,,,,
FD-ISRATIO-20050915,ISRATIO,2005-08-11,2005-09-15,66,1992-01-01,2005-06-01,164.0,1.184002,2.173913,-1.038511,0.037267,False,R90_UNCLASSIFIED,unclassified,,,,,,,,,
FD-ISRATIO-20060413,ISRATIO,2006-03-14,2006-04-13,44,1992-04-01,2006-01-01,168.0,0.808984,1.6,0.776283,0.036145,False,R30_CENSUS_ANNUAL,annual_benchmark,,,,,,,,,
FD-ISRATIO-20060613,ISRATIO,2006-05-11,2006-06-13,22,1992-06-01,2005-10-01,168.0,0.735344,0.787402,0.062294,0.024845,False,R30_CENSUS_ANNUAL,annual_benchmark,,,,,,,,,
FD-ISRATIO-20070416,ISRATIO,2007-03-13,2007-04-16,43,1996-12-01,2007-01-01,124.0,0.746623,0.8,-0.714097,0.040984,False,R30_CENSUS_ANNUAL,annual_benchmark,,,,,,,,,
FD-ISRATIO-20070613,ISRATIO,2007-05-11,2007-06-13,57,1992-06-01,2007-03-01,180.0,0.872635,1.492537,-0.385565,0.022472,False,R30_CENSUS_ANNUAL,annual_benchmark,,,,,,,,,
FD-ISRATIO-20080414,ISRATIO,2008-03-13,2008-04-14,30,1996-12-01,2008-01-01,136.0,0.7674,0.8,0.721104,0.029851,False,R30_CENSUS_ANNUAL,annual_benchmark,,,,,,,,,
FD-ISRATIO-20080513,ISRATIO,2008-04-14,2008-05-13,4,2004-05-01,2006-08-01,48.0,0.779783,0.787402,-0.779783,0.035714,False,R30_CENSUS_ANNUAL,annual_benchmark,,,,,,,,,
FD-ISRATIO-20080612,ISRATIO,2008-05-13,2008-06-12,31,1994-01-01,2008-03-01,173.0,0.793092,1.574803,-0.549312,0.017544,False,R30_CENSUS_ANNUAL,annual_benchmark,,,,,,,,,
FD-ISRATIO-20090414,ISRATIO,2009-03-12,2009-04-14,33,2001-05-01,2009-01-01,95.0,1.009926,1.626016,1.009926,0.043011,False,R30_CENSUS_ANNUAL,annual_benchmark,,,,,,,,,
FD-ISRATIO-20090513,ISRATIO,2009-04-14,2009-05-13,21,2003-08-01,2009-02-01,69.0,0.764492,0.793651,0.615078,0.059701,False,R30_CENSUS_ANNUAL,annual_benchmark,,,,,,,,,
FD-ISRATIO-20100128,ISRATIO,2010-01-14,2010-01-28,13,2001-08-01,2009-07-01,101.0,0.754335,0.793651,-0.065883,0.03125,False,R90_UNCLASSIFIED,unclassified,,,,,,,,,
FD-ISRATIO-20100414,ISRATIO,2010-03-12,2010-04-14,47,2001-08-01,2010-01-01,104.0,1.025934,2.083333,0.739346,0.058824,False,R30_CENSUS_ANNUAL,annual_benchmark,,,,,,,,,
FD-ISRATIO-20100514,ISRATIO,2010-04-14,2010-05-14,46,1992-06-01,2010-02-01,215.0,0.923115,1.574803,-0.531204,0.014085,False,R30_CENSUS_ANNUAL,annual_benchmark,,,,,,,,,
FD-ISRATIO-20110413,ISRATIO,2011-03-11,2011-04-13,23,2001-11-01,2011-01-01,113.0,0.753984,0.813008,0.486332,0.054054,False,R30_CENSUS_ANNUAL,annual_benchmark,,,,,,,,,
FD-ISRATIO-20110512,ISRATIO,2011-04-13,2011-05-12,14,2001-07-01,2010-11-01,118.0,0.771965,0.806452,0.554689,0.044248,False,R30_CENSUS_ANNUAL,annual_benchmark,,,,,,,,,
FD-ISRATIO-20110614,ISRATIO,2011-05-12,2011-06-14,49,1992-06-01,2011-03-01,228.0,1.226395,2.419355,0.841206,0.026549,False,R30_CENSUS_ANNUAL,annual_benchmark,,,,,,,,,
FD-ISRATIO-20120416,ISRATIO,2012-03-13,2012-04-16,24,1998-12-01,2012-01-01,160.0,0.767459,0.8,0.522036,0.031646,False,R30_CENSUS_ANNUAL,annual_benchmark,,,,,,,,,
FD-ISRATIO-20120515,ISRATIO,2012-04-16,2012-05-15,17,1992-02-01,2011-09-01,243.0,0.741789,0.787402,0.324396,0.016949,False,R30_CENSUS_ANNUAL,annual_benchmark,,,,,,,,,
FD-ISRATIO-20120613,ISRATIO,2012-05-15,2012-06-13,50,1992-06-01,2012-03-01,240.0,1.148935,2.34375,-1.054931,0.016807,False,R30_CENSUS_ANNUAL,annual_benchmark,,,,,,,,,
FD-ISRATIO-20130613,ISRATIO,2013-05-13,2013-06-13,37,1994-09-01,2013-03-01,225.0,0.864995,1.6,0.786136,0.03139,False,R30_CENSUS_ANNUAL,annual_benchmark,,,,,,,,,
FD-ISRATIO-20140414,ISRATIO,2014-03-13,2014-04-14,36,2007-08-01,2014-01-01,80.0,0.773311,0.793651,-0.773311,0.102564,False,R30_CENSUS_ANNUAL,annual_benchmark,,,,,,,,,
FD-ISRATIO-20140513,ISRATIO,2014-04-14,2014-05-13,9,2009-03-01,2014-02-01,62.0,0.768931,0.793651,-0.768931,0.033333,False,R30_CENSUS_ANNUAL,annual_benchmark,,,,,,,,,
FD-ISRATIO-20140612,ISRATIO,2014-05-13,2014-06-12,11,1992-06-01,2014-03-01,264.0,0.740433,0.793651,0.08634,0.01145,False,R30_CENSUS_ANNUAL,annual_benchmark,,,,,,,,,
FD-ISRATIO-20150414,ISRATIO,2015-03-12,2015-04-14,48,2003-10-01,2015-01-01,138.0,0.769923,0.8,-0.513198,0.029412,False,R30_CENSUS_ANNUAL,annual_benchmark,,,,,,,,,
FD-ISRATIO-20150513,ISRATIO,2015-04-14,2015-05-13,12,2007-02-01,2015-02-01,99.0,0.775465,0.793651,-0.137098,0.041237,False,R30_CENSUS_ANNUAL,annual_benchmark,,,,,,,,,
FD-ISRATIO-20150611,ISRATIO,2015-05-13,2015-06-11,20,1997-05-01,2014-04-01,217.0,0.754938,0.793651,0.138019,0.02451,False,R30_CENSUS_ANNUAL,annual_benchmark,,,,,,,,,
FD-ISRATIO-20160413,ISRATIO,2016-03-15,2016-04-13,26,2006-12-01,2016-01-01,112.0,0.755761,0.8,0.69613,0.036364,False,R30_CENSUS_ANNUAL,annual_benchmark,,,,,,,,,
FD-ISRATIO-20160513,ISRATIO,2016-04-13,2016-05-13,11,2006-12-01,2015-05-01,113.0,0.762268,0.793651,-0.478177,0.039216,False,R30_CENSUS_ANNUAL,annual_benchmark,,,,,,,,,
FD-ISRATIO-20160614,ISRATIO,2016-05-13,2016-06-14,25,1999-06-01,2015-10-01,204.0,0.752083,0.8,0.398057,0.020305,False,R30_CENSUS_ANNUAL,annual_benchmark,,,,,,,,,
FD-ISRATIO-20170414,ISRATIO,2017-03-15,2017-04-14,9,2004-11-01,2016-11-01,149.0,0.748259,0.78125,-0.748259,0.013793,False,R30_CENSUS_ANNUAL,annual_benchmark,,,,,,,,,
FD-ISRATIO-20170512,ISRATIO,2017-04-14,2017-05-12,21,2007-05-01,2016-10-01,120.0,0.730544,0.787402,-0.511549,0.017544,False,R30_CENSUS_ANNUAL,annual_benchmark,,,,,,,,,
FD-ISRATIO-20170614,ISRATIO,2017-05-12,2017-06-14,36,2002-07-01,2017-03-01,179.0,1.120129,1.481481,0.99225,0.022599,False,R30_CENSUS_ANNUAL,annual_benchmark,,,,,,,,,
FD-ISRATIO-20180614,ISRATIO,2018-05-15,2018-06-14,55,2000-02-01,2018-03-01,220.0,0.846748,1.503759,0.713328,0.022936,False,R30_CENSUS_ANNUAL,annual_benchmark,,,,,,,,,
FD-ISRATIO-20190418,ISRATIO,2019-04-01,2019-04-18,15,2011-11-01,2018-12-01,89.0,0.752525,0.8,0.752525,0.05814,False,R30_CENSUS_ANNUAL,annual_benchmark,,,,,,,,,
FD-ISRATIO-20190614,ISRATIO,2019-05-15,2019-06-14,10,2005-07-01,2019-03-01,167.0,0.759585,0.793651,-0.151682,0.024242,False,R30_CENSUS_ANNUAL,annual_benchmark,,,,,,,,,
FD-ISRATIO-20190716,ISRATIO,2019-06-14,2019-07-16,6,2017-04-01,2019-02-01,27.0,0.730044,0.740741,0.730044,0.086957,False,R30_CENSUS_ANNUAL,annual_benchmark,,,,,,,,,
FD-ISRATIO-20200415,ISRATIO,2020-03-17,2020-04-15,25,2006-11-01,2020-01-01,161.0,0.731988,0.793651,-0.67092,0.031447,False,R30_CENSUS_ANNUAL,annual_benchmark,,,,,,,,,
FD-ISRATIO-20200515,ISRATIO,2020-04-15,2020-05-15,18,2011-11-01,2020-02-01,102.0,0.734788,0.793651,0.734788,0.04,False,R30_CENSUS_ANNUAL,annual_benchmark,,,,,,,,,
FD-ISRATIO-20200616,ISRATIO,2020-05-15,2020-06-16,6,2007-05-01,2018-10-01,157.0,0.760726,0.8,-0.49406,0.014493,False,R30_CENSUS_ANNUAL,annual_benchmark,,,,,,,,,
FD-ISRATIO-20210415,ISRATIO,2021-03-16,2021-04-15,23,2005-07-01,2021-01-01,189.0,0.739981,0.8,0.47338,0.016043,False,R30_CENSUS_ANNUAL,annual_benchmark,,,,,,,,,
FD-ISRATIO-20210514,ISRATIO,2021-04-15,2021-05-14,17,2008-11-01,2020-07-01,150.0,0.735614,0.793651,-0.307636,0.021277,False,R30_CENSUS_ANNUAL,annual_benchmark,,,,,,,,,
FD-ISRATIO-20210615,ISRATIO,2021-05-14,2021-06-15,52,2007-05-01,2021-03-01,169.0,1.577867,3.053435,1.550197,0.02994,False,R30_CENSUS_ANNUAL,annual_benchmark,,,,,,,,,
FD-ISRATIO-20220414,ISRATIO,2022-03-16,2022-04-14,16,2009-06-01,2021-09-01,154.0,0.738532,0.793651,0.37269,0.027027,False,R30_CENSUS_ANNUAL,annual_benchmark,,,,,,,,,
FD-ISRATIO-20220517,ISRATIO,2022-04-14,2022-05-17,13,2010-10-01,2022-02-01,139.0,0.758044,0.806452,0.637852,0.021898,False,R30_CENSUS_ANNUAL,annual_benchmark,,,,,,,,,
FD-ISRATIO-20220615,ISRATIO,2022-05-17,2022-06-15,25,2012-01-01,2022-03-01,125.0,0.75599,0.8,0.521351,0.02439,False,R30_CENSUS_ANNUAL,annual_benchmark,,,,,,,,,
FD-ISRATIO-20230414,ISRATIO,2023-03-15,2023-04-14,22,2011-08-01,2023-01-01,140.0,1.030818,1.574803,0.779411,0.021739,False,R30_CENSUS_ANNUAL,annual_benchmark,,,,,,,,,
FD-ISRATIO-20230516,ISRATIO,2023-04-14,2023-05-16,31,2009-08-01,2023-02-01,165.0,0.80077,1.492537,0.616679,0.018405,False,R30_CENSUS_ANNUAL,annual_benchmark,,,,,,,,,
FD-ISRATIO-20230615,ISRATIO,2023-05-16,2023-06-15,18,2013-05-01,2023-03-01,121.0,0.737494,0.787402,0.084048,0.016807,False,R30_CENSUS_ANNUAL,annual_benchmark,,,,,,,,,
FD-ISRATIO-20240415,ISRATIO,2024-03-14,2024-04-15,14,2014-03-01,2023-07-01,121.0,0.744014,0.787402,-0.524919,0.017699,False,R30_CENSUS_ANNUAL,annual_benchmark,,,,,,,,,
FD-ISRATIO-20240515,ISRATIO,2024-04-15,2024-05-15,20,2009-08-01,2024-02-01,177.0,0.735678,0.787402,-0.58842,0.011429,False,R30_CENSUS_ANNUAL,annual_benchmark,,,,,,,,,
FD-ISRATIO-20250416,ISRATIO,2025-03-17,2025-04-16,7,2012-01-01,2025-01-01,159.0,0.745758,0.8,-0.293972,0.019108,False,R30_CENSUS_ANNUAL,annual_benchmark,,,,,,,,,
FD-ISRATIO-20250515,ISRATIO,2025-04-16,2025-05-15,59,1992-10-01,2022-11-01,391.0,0.743832,0.793651,-0.717141,0.033149,False,R30_CENSUS_ANNUAL,annual_benchmark,,,,,,,,,
FD-ISRATIO-20250617,ISRATIO,2025-05-15,2025-06-17,42,2015-08-01,2025-03-01,118.0,2.272449,2.985075,2.237691,0.060345,False,R30_CENSUS_ANNUAL,annual_benchmark,,,,,,,,,
FD-TOTBUSSMSA-20140414,TOTBUSSMSA,2014-03-13,2014-04-14,73,2008-01-01,2014-01-01,75.0,0.05326,0.226087,0.004118,0.041096,False,R30_CENSUS_ANNUAL,annual_benchmark,,,,,,,,,
FD-TOTBUSSMSA-20140513,TOTBUSSMSA,2014-04-14,2014-05-13,89,2006-08-01,2014-02-01,93.0,0.027137,0.146921,-0.016416,0.032967,False,R30_CENSUS_ANNUAL,annual_benchmark,,,,,,,,,
FD-TOTBUSSMSA-20140612,TOTBUSSMSA,2014-05-13,2014-06-12,267,1992-01-01,2014-03-01,269.0,0.028965,0.144909,0.000524,0.018797,False,R30_CENSUS_ANNUAL,annual_benchmark,,,,,,,,,
FD-TOTBUSSMSA-20150414,TOTBUSSMSA,2015-03-12,2015-04-14,172,2000-01-01,2015-01-01,183.0,0.537016,1.713874,0.53646,0.027624,False,R30_CENSUS_ANNUAL,annual_benchmark,,,,,,,,,
FD-TOTBUSSMSA-20150513,TOTBUSSMSA,2015-04-14,2015-05-13,165,2000-02-01,2015-02-01,183.0,0.129847,0.7093,-0.127692,0.022099,False,R30_CENSUS_ANNUAL,annual_benchmark,,,,,,,,,
FD-TOTBUSSMSA-20150611,TOTBUSSMSA,2015-05-13,2015-06-11,219,1997-01-01,2015-03-01,221.0,0.055388,0.37979,0.007732,0.031963,False,R30_CENSUS_ANNUAL,annual_benchmark,,,,,,,,,
FD-TOTBUSSMSA-20160413,TOTBUSSMSA,2016-03-15,2016-04-13,178,2000-03-01,2016-01-01,193.0,0.096659,0.520121,0.052153,0.015707,False,R30_CENSUS_ANNUAL,annual_benchmark,,,,,,,,,
FD-TOTBUSSMSA-20160513,TOTBUSSMSA,2016-04-13,2016-05-13,134,2005-01-01,2016-02-01,136.0,0.033031,0.160056,-0.006162,0.037313,False,R30_CENSUS_ANNUAL,annual_benchmark,,,,,,,,,
FD-TOTBUSSMSA-20160614,TOTBUSSMSA,2016-05-13,2016-06-14,230,1997-01-01,2016-03-01,233.0,0.144909,1.022648,-0.104383,0.030303,False,R30_CENSUS_ANNUAL,annual_benchmark,,,,,,,,,
FD-TOTBUSSMSA-20170414,TOTBUSSMSA,2017-03-15,2017-04-14,195,2000-01-01,2017-01-01,207.0,0.03641,0.335201,-0.024094,0.02439,False,R30_CENSUS_ANNUAL,annual_benchmark,,,,,,,,,
FD-TOTBUSSMSA-20170512,TOTBUSSMSA,2017-04-14,2017-05-12,145,2005-01-01,2017-02-01,148.0,0.032909,0.278314,0.020106,0.027397,False,R30_CENSUS_ANNUAL,annual_benchmark,,,,,,,,,
FD-TOTBUSSMSA-20170614,TOTBUSSMSA,2017-05-12,2017-06-14,183,2002-01-01,2017-03-01,185.0,0.119668,0.711714,-0.074432,0.027322,False,R30_CENSUS_ANNUAL,annual_benchmark,,,,,,,,,
FD-TOTBUSSMSA-20180614,TOTBUSSMSA,2018-05-15,2018-06-14,315,1992-01-01,2018-03-01,317.0,0.124359,1.410178,-0.101678,0.025478,False,R30_CENSUS_ANNUAL,annual_benchmark,,,,,,,,,
FD-TOTBUSSMSA-20190418,TOTBUSSMSA,2019-04-01,2019-04-18,73,2013-01-01,2019-01-01,75.0,0.14361,0.715254,-0.108518,0.082192,False,R30_CENSUS_ANNUAL,annual_benchmark,,,,,,,,,
FD-TOTBUSSMSA-20190614,TOTBUSSMSA,2019-05-15,2019-06-14,207,2002-01-01,2019-03-01,209.0,0.047594,0.319844,0.001867,0.033816,False,R30_CENSUS_ANNUAL,annual_benchmark,,,,,,,,,
FD-TOTBUSSMSA-20190716,TOTBUSSMSA,2019-06-14,2019-07-16,111,2010-01-01,2019-04-01,114.0,0.058145,0.353342,-0.051362,0.044643,False,R30_CENSUS_ANNUAL,annual_benchmark,,,,,,,,,
FD-TOTBUSSMSA-20200415,TOTBUSSMSA,2020-03-17,2020-04-15,85,2013-01-01,2020-01-01,87.0,0.062488,0.386061,-0.018134,0.047059,False,R30_CENSUS_ANNUAL,annual_benchmark,,,,,,,,,
FD-TOTBUSSMSA-20200515,TOTBUSSMSA,2020-04-15,2020-05-15,86,2013-01-01,2020-02-01,88.0,0.035788,0.193097,-0.018969,0.034884,False,R30_CENSUS_ANNUAL,annual_benchmark,,,,,,,,,
FD-TOTBUSSMSA-20200616,TOTBUSSMSA,2020-05-15,2020-06-16,159,2007-01-01,2020-03-01,161.0,0.057768,0.32851,-0.034281,0.031447,False,R30_CENSUS_ANNUAL,annual_benchmark,,,,,,,,,
FD-TOTBUSSMSA-20210415,TOTBUSSMSA,2021-03-16,2021-04-15,176,2005-04-01,2021-01-01,192.0,0.361736,1.126376,0.359841,0.036842,False,R30_CENSUS_ANNUAL,annual_benchmark,,,,,,,,,
FD-TOTBUSSMSA-20210514,TOTBUSSMSA,2021-04-15,2021-05-14,134,2010-01-01,2021-02-01,136.0,0.07017,0.535606,-0.057693,0.029851,False,R30_CENSUS_ANNUAL,annual_benchmark,,,,,,,,,
FD-TOTBUSSMSA-20210615,TOTBUSSMSA,2021-05-14,2021-06-15,170,2007-01-01,2021-03-01,173.0,0.355316,2.274776,-0.313762,0.052632,False,R30_CENSUS_ANNUAL,annual_benchmark,,,,,,,,,
FD-TOTBUSSMSA-20220414,TOTBUSSMSA,2022-03-16,2022-04-14,145,2010-01-01,2022-01-01,147.0,0.04888,0.403829,-0.009972,0.048276,False,R30_CENSUS_ANNUAL,annual_benchmark,,,,,,,,,
FD-TOTBUSSMSA-20220517,TOTBUSSMSA,2022-04-14,2022-05-17,146,2010-01-01,2022-02-01,148.0,0.051895,0.490266,-0.033468,0.034247,False,R30_CENSUS_ANNUAL,annual_benchmark,,,,,,,,,
FD-TOTBUSSMSA-20220615,TOTBUSSMSA,2022-05-17,2022-06-15,123,2012-01-01,2022-03-01,125.0,0.266007,1.430962,-0.228687,0.04065,False,R30_CENSUS_ANNUAL,annual_benchmark,,,,,,,,,
FD-TOTBUSSMSA-20230414,TOTBUSSMSA,2023-03-15,2023-04-14,157,2010-01-01,2023-01-01,159.0,0.17136,1.598205,-0.13591,0.025478,False,R30_CENSUS_ANNUAL,annual_benchmark,,,,,,,,,
FD-TOTBUSSMSA-20230516,TOTBUSSMSA,2023-04-14,2023-05-16,158,2010-01-01,2023-02-01,160.0,0.05732,0.513352,-0.03481,0.037975,False,R30_CENSUS_ANNUAL,annual_benchmark,,,,,,,,,
FD-TOTBUSSMSA-20230615,TOTBUSSMSA,2023-05-16,2023-06-15,135,2012-01-01,2023-03-01,137.0,0.405198,2.474956,0.339868,0.044444,False,R30_CENSUS_ANNUAL,annual_benchmark,,,,,,,,,
FD-TOTBUSSMSA-20240415,TOTBUSSMSA,2024-03-14,2024-04-15,169,2010-01-01,2024-01-01,171.0,0.039488,0.313261,0.012379,0.029586,False,R30_CENSUS_ANNUAL,annual_benchmark,,,,,,,,,
FD-TOTBUSSMSA-20240515,TOTBUSSMSA,2024-04-15,2024-05-15,170,2010-01-01,2024-02-01,172.0,0.060408,0.425074,-0.035324,0.035294,False,R30_CENSUS_ANNUAL,annual_benchmark,,,,,,,,,
FD-TOTBUSSMSA-20250416,TOTBUSSMSA,2025-03-17,2025-04-16,181,2010-01-01,2025-01-01,183.0,0.030597,0.271146,-0.014102,0.033149,False,R30_CENSUS_ANNUAL,annual_benchmark,,,,,,,,,
FD-TOTBUSSMSA-20250515,TOTBUSSMSA,2025-04-16,2025-05-15,398,1992-01-01,2025-02-01,400.0,0.643685,0.935111,-0.643685,0.025189,False,R30_CENSUS_ANNUAL,annual_benchmark,,,,,,,,,
FD-TOTBUSSMSA-20250617,TOTBUSSMSA,2025-05-15,2025-06-17,159,2012-01-01,2025-03-01,161.0,0.273891,0.826873,0.249123,0.037736,False,R30_CENSUS_ANNUAL,annual_benchmark,,,,,,,,,
FD-CPIAUCSL-19730522,CPIAUCSL,1973-04-20,1973-05-22,16,1971-10-01,1973-03-01,19.0,0.031833,0.093117,-0.001842,0.137255,False,R90_UNCLASSIFIED,unclassified,,,,,,,,,
FD-CPIAUCSL-19740521,CPIAUCSL,1974-04-19,1974-05-21,15,1972-11-01,1974-02-01,18.0,0.028934,0.081445,0.007977,0.125,False,R90_UNCLASSIFIED,unclassified,,,,,,,,,
FD-CPIAUCSL-19741022,CPIAUCSL,1974-09-20,1974-10-22,1,1974-08-01,1974-08-01,2.0,0.006665,0.006665,-0.006665,,False,R90_UNCLASSIFIED,unclassified,,,,,,,,,
FD-CPIAUCSL-19741220,CPIAUCSL,1974-11-21,1974-12-20,7,1974-04-01,1974-10-01,8.0,0.1332,0.202634,-0.1332,0.142857,False,R90_UNCLASSIFIED,unclassified,,,,,,,,,
FD-CPIAUCSL-19750521,CPIAUCSL,1975-04-22,1975-05-21,17,1973-10-01,1975-03-01,19.0,0.0699,0.196277,-0.010057,0.166667,False,R90_UNCLASSIFIED,unclassified,,,,,,,,,
FD-CPIAUCSL-19760220,CPIAUCSL,1976-01-21,1976-02-20,18,1974-07-01,1975-12-01,19.0,0.054324,0.144409,0.010935,0.166667,False,R11_CPI_SA_PRE1995,seasonal_factor_recompute,,,,,,,,,
FD-CPIAUCSL-19770218,CPIAUCSL,1977-01-19,1977-02-18,14,1975-08-01,1976-12-01,18.0,0.076411,0.180288,-0.025765,0.117647,False,R11_CPI_SA_PRE1995,seasonal_factor_recompute,,,,,,,,,
FD-CPIAUCSL-19780227,CPIAUCSL,1978-01-20,1978-02-27,9,1976-07-01,1977-12-01,19.0,0.061917,0.109529,-0.0127,0.212418,False,R11_CPI_SA_PRE1995,seasonal_factor_recompute,,,,,,,,,
FD-CPIAUCSL-19790223,CPIAUCSL,1979-01-24,1979-02-23,16,1977-07-01,1978-12-01,19.0,0.093953,0.197239,0.015026,0.264706,False,R11_CPI_SA_PRE1995,seasonal_factor_recompute,,,,,,,,,
FD-CPIAUCSL-19800222,CPIAUCSL,1980-01-25,1980-02-22,11,1978-07-01,1979-12-01,19.0,0.101981,0.173686,0.033349,0.153595,False,R11_CPI_SA_PRE1995,seasonal_factor_recompute,,,,,,,,,
FD-CPIAUCSL-19810225,CPIAUCSL,1981-01-23,1981-02-25,18,1979-07-01,1980-12-01,19.0,0.083654,0.164745,-0.010487,0.202614,False,R11_CPI_SA_PRE1995,seasonal_factor_recompute,,,,,,,,,
FD-CPIAUCSL-19820225,CPIAUCSL,1982-01-22,1982-02-25,15,1980-07-01,1981-11-01,19.0,0.050271,0.110988,0.003944,0.176471,False,R11_CPI_SA_PRE1995,seasonal_factor_recompute,,,,,,,,,
FD-CPIAUCSL-19830225,CPIAUCSL,1983-01-21,1983-02-25,15,1981-07-01,1982-12-01,19.0,0.088649,0.246392,0.004571,0.150327,False,R11_CPI_SA_PRE1995,seasonal_factor_recompute,,,,,,,,,
FD-CPIAUCSL-19840224,CPIAUCSL,1984-01-24,1984-02-24,16,1982-08-01,1983-12-01,18.0,0.10494,0.198216,-0.062549,0.294118,False,R11_CPI_SA_PRE1995,seasonal_factor_recompute,,,,,,,,,
FD-CPIAUCSL-19850226,CPIAUCSL,1985-01-23,1985-02-26,15,1983-07-01,1984-12-01,19.0,0.054126,0.097529,0.036689,0.261438,False,R11_CPI_SA_PRE1995,seasonal_factor_recompute,,,,,,,,,
FD-CPIAUCSL-19860225,CPIAUCSL,1986-01-22,1986-02-25,11,1984-10-01,1985-12-01,16.0,0.042345,0.092421,0.031008,0.133333,False,R11_CPI_SA_PRE1995,seasonal_factor_recompute,,,,,,,,,
FD-CPIAUCSL-19870227,CPIAUCSL,1987-01-21,1987-02-27,16,1985-07-01,1986-12-01,19.0,0.066922,0.124069,0.036491,0.251634,False,R11_CPI_SA_PRE1995,seasonal_factor_recompute,,,,,,,,,
FD-CPIAUCSL-19880226,CPIAUCSL,1988-01-20,1988-02-26,18,1986-07-01,1987-12-01,19.0,66.623852,66.637478,-66.623852,0.20915,True,R02_REBASE,rebase_or_definition,,,,,,,,,
FD-CPIAUCSL-19890222,CPIAUCSL,1989-01-19,1989-02-22,13,1987-07-01,1988-12-01,19.0,0.098534,0.172563,0.098534,0.150327,False,R11_CPI_SA_PRE1995,seasonal_factor_recompute,,,,,,,,,
FD-CPIAUCSL-19900221,CPIAUCSL,1990-01-18,1990-02-21,4,1989-05-01,1989-10-01,9.0,0.100452,0.16129,-0.020451,0.333333,False,R90_UNCLASSIFIED,unclassified,,,,,,,,,
FD-CPIAUCSL-19910220,CPIAUCSL,1991-01-16,1991-02-20,14,1989-08-01,1990-12-01,18.0,0.082945,0.155159,0.016344,0.117647,False,R11_CPI_SA_PRE1995,seasonal_factor_recompute,,,,,,,,,
FD-CPIAUCSL-19920219,CPIAUCSL,1992-01-16,1992-02-19,11,1990-07-01,1991-11-01,19.0,0.087548,0.148038,0.033804,0.165441,False,R11_CPI_SA_PRE1995,seasonal_factor_recompute,,,,,,,,,
FD-CPIAUCSL-19930218,CPIAUCSL,1993-01-15,1993-02-18,13,1991-07-01,1992-11-01,19.0,0.077433,0.144613,-0.021847,0.169118,False,R11_CPI_SA_PRE1995,seasonal_factor_recompute,,,,,,,,,
FD-CPIAUCSL-19940217,CPIAUCSL,1994-01-13,1994-02-17,16,1992-06-01,1993-12-01,20.0,0.100018,0.140647,0.030392,0.236842,False,R11_CPI_SA_PRE1995,seasonal_factor_recompute,,,,,,,,,
FD-CPIAUCSL-19950215,CPIAUCSL,1995-01-11,1995-02-15,16,1990-01-01,1994-12-01,61.0,0.070631,0.078431,-0.00768,0.083333,False,R10_CPI_SA_5Y,seasonal_factor_recompute,,,,,,,,,
FD-CPIAUCSL-19960228,CPIAUCSL,1996-02-01,1996-02-28,23,1991-03-01,1995-12-01,59.0,0.068584,0.074074,-0.003384,0.086207,False,R10_CPI_SA_5Y,seasonal_factor_recompute,,,,,,,,,
FD-CPIAUCSL-19970219,CPIAUCSL,1997-01-14,1997-02-19,20,1992-02-01,1996-12-01,60.0,0.069201,0.127632,-0.002985,0.067797,False,R10_CPI_SA_5Y,seasonal_factor_recompute,,,,,,,,,
FD-CPIAUCSL-19980224,CPIAUCSL,1998-01-13,1998-02-24,20,1993-03-01,1997-06-01,59.0,0.065252,0.069686,0.006294,0.134615,False,R10_CPI_SA_5Y,seasonal_factor_recompute,,,,,,,,,
FD-CPIAUCSL-19990219,CPIAUCSL,1999-01-14,1999-02-19,28,1994-02-01,1998-12-01,60.0,0.063624,0.068166,-0.008798,0.118644,False,R10_CPI_SA_5Y,seasonal_factor_recompute,,,,,,,,,
FD-CPIAUCSL-20000218,CPIAUCSL,2000-01-14,2000-02-18,13,1995-04-01,1999-10-01,58.0,0.061792,0.065876,0.024477,0.054545,False,R10_CPI_SA_5Y,seasonal_factor_recompute,,,,,,,,,
FD-CPIAUCSL-20000928,CPIAUCSL,2000-09-15,2000-09-28,8,2000-01-01,2000-08-01,8.0,0.065677,0.116754,0.065677,0.25,False,R90_UNCLASSIFIED,unclassified,,,,,,,,,
FD-CPIAUCSL-20010221,CPIAUCSL,2001-01-17,2001-02-21,41,1996-01-01,2000-12-01,61.0,0.069438,0.120337,-0.010308,0.066667,False,R10_CPI_SA_5Y,seasonal_factor_recompute,,,,,,,,,
FD-CPIAUCSL-20020220,CPIAUCSL,2002-01-16,2002-02-20,158,1987-01-01,2001-11-01,181.0,0.074211,0.130124,-0.074211,0.03352,False,R90_UNCLASSIFIED,unclassified,,,,,,,,,
FD-CPIAUCSL-20030221,CPIAUCSL,2003-01-16,2003-02-21,28,1998-07-01,2002-11-01,55.0,0.063856,0.112803,-0.006373,0.075472,False,R10_CPI_SA_5Y,seasonal_factor_recompute,,,,,,,,,
FD-CPIAUCSL-20040220,CPIAUCSL,2004-01-15,2004-02-20,20,1999-02-01,2003-12-01,60.0,0.056137,0.060753,-0.010977,0.084746,False,R10_CPI_SA_5Y,seasonal_factor_recompute,,,,,,,,,
FD-CPIAUCSL-20050218,CPIAUCSL,2005-01-19,2005-02-18,32,2000-02-01,2004-12-01,60.0,0.05802,0.107354,0.003893,0.067797,False,R10_CPI_SA_5Y,seasonal_factor_recompute,,,,,,,,,
FD-CPIAUCSL-20060217,CPIAUCSL,2006-01-18,2006-02-17,32,2001-04-01,2005-10-01,58.0,0.063868,0.11325,-0.000417,0.072727,False,R10_CPI_SA_5Y,seasonal_factor_recompute,,,,,,,,,
FD-CPIAUCSL-20070216,CPIAUCSL,2007-01-18,2007-02-16,23,2002-03-01,2006-11-01,59.0,0.062931,0.10352,0.008835,0.070175,False,R10_CPI_SA_5Y,seasonal_factor_recompute,,,,,,,,,
FD-CPIAUCSL-20080215,CPIAUCSL,2008-01-16,2008-02-15,52,2003-01-01,2007-12-01,61.0,0.142401,0.331265,0.008727,0.1,False,R10_CPI_SA_5Y,seasonal_factor_recompute,,,,,,,,,
FD-CPIAUCSL-20090218,CPIAUCSL,2009-01-16,2009-02-18,43,2004-01-01,2008-12-01,61.0,0.087253,0.260515,0.001017,0.066667,False,R10_CPI_SA_5Y,seasonal_factor_recompute,,,,,,,,,
FD-CPIAUCSL-20100217,CPIAUCSL,2010-01-15,2010-02-17,58,2005-01-01,2009-12-01,61.0,0.084219,0.225058,-0.006636,0.066667,False,R10_CPI_SA_5Y,seasonal_factor_recompute,,,,,,,,,
FD-CPIAUCSL-20110215,CPIAUCSL,2011-01-14,2011-02-15,55,2006-01-01,2010-12-01,61.0,0.026092,0.059287,0.000585,0.066667,False,R10_CPI_SA_5Y,seasonal_factor_recompute,,,,,,,,,
FD-CPIAUCSL-20120215,CPIAUCSL,2012-01-19,2012-02-15,60,2007-01-01,2011-12-01,61.0,0.050758,0.237624,0.003049,0.1,False,R10_CPI_SA_5Y,seasonal_factor_recompute,,,,,,,,,
FD-CPIAUCSL-20130219,CPIAUCSL,2013-01-16,2013-02-19,59,2008-01-01,2012-12-01,61.0,0.032432,0.133848,-0.000766,0.066667,False,R10_CPI_SA_5Y,seasonal_factor_recompute,,,,,,,,,
FD-CPIAUCSL-20140218,CPIAUCSL,2014-01-16,2014-02-18,60,2009-01-01,2013-12-01,61.0,0.037523,0.126385,-0.002212,0.066667,False,R10_CPI_SA_5Y,seasonal_factor_recompute,,,,,,,,,
FD-CPIAUCSL-20150220,CPIAUCSL,2015-01-16,2015-02-20,60,2010-01-01,2014-12-01,61.0,0.03971,0.145145,-0.000376,0.066667,False,R10_CPI_SA_5Y,seasonal_factor_recompute,,,,,,,,,
FD-CPIAUCSL-20160219,CPIAUCSL,2016-01-20,2016-02-19,60,2011-01-01,2015-12-01,61.0,0.060834,0.153298,-0.000801,0.083333,False,R10_CPI_SA_5Y,seasonal_factor_recompute,,,,,,,,,
FD-CPIAUCSL-20161018,CPIAUCSL,2016-09-16,2016-10-18,4,2016-05-01,2016-08-01,5.0,0.005107,0.008336,-0.005107,,False,R90_UNCLASSIFIED,unclassified,,,,,,,,,
FD-CPIAUCSL-20170213,CPIAUCSL,2017-01-18,2017-02-13,60,2012-01-01,2016-12-01,61.0,0.031033,0.08682,-0.004886,0.05,False,R10_CPI_SA_5Y,seasonal_factor_recompute,,,,,,,,,
FD-CPIAUCSL-20180214,CPIAUCSL,2018-01-12,2018-02-14,59,2013-01-01,2017-12-01,61.0,0.038245,0.144811,-0.000254,0.116667,False,R10_CPI_SA_5Y,seasonal_factor_recompute,,,,,,,,,
FD-CPIAUCSL-20190211,CPIAUCSL,2019-01-11,2019-02-11,60,2014-01-01,2018-12-01,61.0,0.028146,0.144837,0.000524,0.083333,False,R10_CPI_SA_5Y,seasonal_factor_recompute,,,,,,,,,
FD-CPIAUCSL-20200211,CPIAUCSL,2020-01-14,2020-02-11,60,2015-01-01,2019-12-01,61.0,0.019715,0.099599,-0.002916,0.1,False,R10_CPI_SA_5Y,seasonal_factor_recompute,,,,,,,,,
FD-CPIAUCSL-20210208,CPIAUCSL,2021-01-13,2021-02-08,60,2016-01-01,2020-12-01,61.0,0.051341,0.15023,0.002071,0.083333,False,R10_CPI_SA_5Y,seasonal_factor_recompute,,,,,,,,,
FD-CPIAUCSL-20220208,CPIAUCSL,2022-01-12,2022-02-08,60,2017-01-01,2021-12-01,61.0,0.032985,0.127653,-0.003262,0.05,False,R10_CPI_SA_5Y,seasonal_factor_recompute,,,,,,,,,
FD-CPIAUCSL-20230210,CPIAUCSL,2023-01-12,2023-02-10,60,2018-01-01,2022-12-01,61.0,0.077697,0.29452,0.001335,0.1,False,R10_CPI_SA_5Y,seasonal_factor_recompute,,,,,,,,,
FD-CPIAUCSL-20240209,CPIAUCSL,2024-01-11,2024-02-09,60,2019-01-01,2023-12-01,61.0,0.034888,0.118454,-0.000794,0.05,False,R10_CPI_SA_5Y,seasonal_factor_recompute,,,,,,,,,
FD-CPIAUCSL-20250212,CPIAUCSL,2025-01-15,2025-02-12,60,2020-01-01,2024-12-01,61.0,0.024505,0.085359,0.001396,0.05,False,R10_CPI_SA_5Y,seasonal_factor_recompute,,,,,,,,,
FD-CPIAUCSL-20260213,CPIAUCSL,2026-01-13,2026-02-13,59,2021-01-01,2025-12-01,61.0,0.019719,0.076256,-0.000718,0.084746,False,R10_CPI_SA_5Y,seasonal_factor_recompute,,,,,,,,,
FD-CPILFESL-19970219,CPILFESL,1997-01-14,1997-02-19,16,1992-03-01,1996-12-01,59.0,0.063112,0.068399,-0.008524,0.068966,False,R10_CPI_SA_5Y,seasonal_factor_recompute,,,,,,,,,
FD-CPILFESL-19980224,CPILFESL,1998-01-13,1998-02-24,17,1993-03-01,1997-05-01,59.0,0.062044,0.066181,-0.011244,0.098039,False,R10_CPI_SA_5Y,seasonal_factor_recompute,,,,,,,,,
FD-CPILFESL-19990219,CPILFESL,1999-01-14,1999-02-19,14,1994-03-01,1998-11-01,59.0,0.060877,0.06435,0.01851,0.070175,False,R10_CPI_SA_5Y,seasonal_factor_recompute,,,,,,,,,
FD-CPILFESL-20000218,CPILFESL,2000-01-14,2000-02-18,14,1995-12-01,1999-12-01,50.0,0.05764,0.0612,-0.016728,0.061224,False,R10_CPI_SA_5Y,seasonal_factor_recompute,,,,,,,,,
FD-CPILFESL-20000928,CPILFESL,2000-09-15,2000-09-28,8,2000-01-01,2000-08-01,8.0,0.082966,0.110742,0.082966,0.25,False,R90_UNCLASSIFIED,unclassified,,,,,,,,,
FD-CPILFESL-20010221,CPILFESL,2001-01-17,2001-02-21,33,1996-01-01,2000-11-01,61.0,0.057251,0.06105,-0.015041,0.067797,False,R10_CPI_SA_5Y,seasonal_factor_recompute,,,,,,,,,
FD-CPILFESL-20020220,CPILFESL,2002-01-16,2002-02-20,180,1987-01-01,2001-12-01,181.0,0.14226,0.215633,-0.14226,0.033333,False,R90_UNCLASSIFIED,unclassified,,,,,,,,,
FD-CPILFESL-20030221,CPILFESL,2003-01-16,2003-02-21,25,1998-02-01,2002-12-01,60.0,0.05486,0.05814,-0.002408,0.084746,False,R10_CPI_SA_5Y,seasonal_factor_recompute,,,,,,,,,
FD-CPILFESL-20040220,CPILFESL,2004-01-15,2004-02-20,16,1999-06-01,2003-12-01,56.0,0.053027,0.056593,-0.019874,0.054545,False,R10_CPI_SA_5Y,seasonal_factor_recompute,,,,,,,,,
FD-CPILFESL-20050218,CPILFESL,2005-01-19,2005-02-18,20,2000-01-01,2004-05-01,61.0,0.057896,0.102881,0.005423,0.075472,False,R10_CPI_SA_5Y,seasonal_factor_recompute,,,,,,,,,
FD-CPILFESL-20060217,CPILFESL,2006-01-18,2006-02-17,21,2001-03-01,2005-11-01,59.0,0.051408,0.054113,0.007017,0.087719,False,R10_CPI_SA_5Y,seasonal_factor_recompute,,,,,,,,,
FD-CPILFESL-20070216,CPILFESL,2007-01-18,2007-02-16,19,2002-09-01,2006-11-01,53.0,0.050315,0.052247,-0.002451,0.117647,False,R10_CPI_SA_5Y,seasonal_factor_recompute,,,,,,,,,
FD-CPILFESL-20080215,CPILFESL,2008-01-16,2008-02-15,20,2003-01-01,2007-12-01,61.0,0.027621,0.052002,-2.6e-05,0.083333,False,R10_CPI_SA_5Y,seasonal_factor_recompute,,,,,,,,,
FD-CPILFESL-20090218,CPILFESL,2009-01-16,2009-02-18,38,2004-01-01,2008-12-01,61.0,0.038382,0.079279,0.002384,0.066667,False,R10_CPI_SA_5Y,seasonal_factor_recompute,,,,,,,,,
FD-CPILFESL-20100217,CPILFESL,2010-01-15,2010-02-17,39,2005-04-01,2009-12-01,58.0,0.011342,0.049925,-0.002119,0.052632,False,R10_CPI_SA_5Y,seasonal_factor_recompute,,,,,,,,,
FD-CPILFESL-20110215,CPILFESL,2011-01-14,2011-02-15,51,2006-04-01,2010-12-01,58.0,0.016863,0.053682,-0.003257,0.070175,False,R10_CPI_SA_5Y,seasonal_factor_recompute,,,,,,,,,
FD-CPILFESL-20120215,CPILFESL,2012-01-19,2012-02-15,60,2007-01-01,2011-12-01,61.0,0.020304,0.060058,-0.000881,0.083333,False,R10_CPI_SA_5Y,seasonal_factor_recompute,,,,,,,,,
FD-CPILFESL-20130219,CPILFESL,2013-01-16,2013-02-19,59,2008-01-01,2012-12-01,61.0,0.009947,0.024156,0.000212,0.066667,False,R10_CPI_SA_5Y,seasonal_factor_recompute,,,,,,,,,
FD-CPILFESL-20140218,CPILFESL,2014-01-16,2014-02-18,60,2009-01-01,2013-12-01,61.0,0.008945,0.028972,0.000357,0.083333,False,R10_CPI_SA_5Y,seasonal_factor_recompute,,,,,,,,,
FD-CPILFESL-20150220,CPILFESL,2015-01-16,2015-02-20,58,2010-01-01,2014-12-01,61.0,0.02651,0.064874,-0.000357,0.1,False,R10_CPI_SA_5Y,seasonal_factor_recompute,,,,,,,,,
FD-CPILFESL-20160219,CPILFESL,2016-01-20,2016-02-19,60,2011-01-01,2015-12-01,61.0,0.016624,0.045925,0.000216,0.1,False,R10_CPI_SA_5Y,seasonal_factor_recompute,,,,,,,,,
FD-CPILFESL-20161018,CPILFESL,2016-09-16,2016-10-18,4,2016-05-01,2016-08-01,5.0,0.006765,0.010909,-0.006765,,False,R90_UNCLASSIFIED,unclassified,,,,,,,,,
FD-CPILFESL-20170213,CPILFESL,2017-01-18,2017-02-13,58,2012-01-01,2016-12-01,61.0,0.014141,0.04291,0.000542,0.083333,False,R10_CPI_SA_5Y,seasonal_factor_recompute,,,,,,,,,
FD-CPILFESL-20180214,CPILFESL,2018-01-12,2018-02-14,60,2013-01-01,2017-12-01,61.0,0.019837,0.083964,0.00068,0.1,False,R10_CPI_SA_5Y,seasonal_factor_recompute,,,,,,,,,
FD-CPILFESL-20190211,CPILFESL,2019-01-11,2019-02-11,59,2014-01-01,2018-12-01,61.0,0.012262,0.049715,0.000657,0.05,False,R10_CPI_SA_5Y,seasonal_factor_recompute,,,,,,,,,
FD-CPILFESL-20200211,CPILFESL,2020-01-14,2020-02-11,59,2015-01-01,2019-12-01,61.0,0.022512,0.063733,-0.004559,0.1,False,R10_CPI_SA_5Y,seasonal_factor_recompute,,,,,,,,,
FD-CPILFESL-20210208,CPILFESL,2021-01-13,2021-02-08,60,2016-01-01,2020-12-01,61.0,0.037029,0.088479,0.00234,0.133333,False,R10_CPI_SA_5Y,seasonal_factor_recompute,,,,,,,,,
FD-CPILFESL-20220208,CPILFESL,2022-01-12,2022-02-08,59,2017-01-01,2021-12-01,61.0,0.027921,0.093172,-0.002437,0.116667,False,R10_CPI_SA_5Y,seasonal_factor_recompute,,,,,,,,,
FD-CPILFESL-20230210,CPILFESL,2023-01-12,2023-02-10,59,2018-01-01,2022-12-01,61.0,0.06105,0.161476,0.000768,0.083333,False,R10_CPI_SA_5Y,seasonal_factor_recompute,,,,,,,,,
FD-CPILFESL-20240209,CPILFESL,2024-01-11,2024-02-09,60,2019-01-01,2023-12-01,61.0,0.023856,0.061249,0.000672,0.066667,False,R10_CPI_SA_5Y,seasonal_factor_recompute,,,,,,,,,
FD-CPILFESL-20250212,CPILFESL,2025-01-15,2025-02-12,59,2020-01-01,2024-12-01,61.0,0.009881,0.027346,9.3e-05,0.066667,False,R10_CPI_SA_5Y,seasonal_factor_recompute,,,,,,,,,
FD-CPILFESL-20260213,CPILFESL,2026-01-13,2026-02-13,59,2021-01-01,2025-12-01,61.0,0.012003,0.037514,-0.001357,0.067797,False,R10_CPI_SA_5Y,seasonal_factor_recompute,,,,,,,,,
FD-CPIAUCNS-19510302,CPIAUCNS,1951-01-25,1951-03-02,11,1950-01-01,1950-12-01,14.0,0.519033,0.840841,0.466332,0.166667,False,R90_UNCLASSIFIED,unclassified,,,,,,,,,
FD-CPIAUCNS-19530227,CPIAUCNS,1953-01-16,1953-02-27,72,1947-01-01,1952-12-01,73.0,40.06355,40.216802,-40.06355,0.056338,False,R90_UNCLASSIFIED,unclassified,,,,,,,,,
FD-CPIAUCNS-19620228,CPIAUCNS,1962-01-26,1962-02-28,180,1947-01-01,1961-12-01,181.0,18.49794,18.547596,-18.49794,0.117318,True,R02_REBASE,rebase_or_definition,,,,,,,,,
FD-CPIAUCNS-19710219,CPIAUCNS,1971-01-29,1971-02-19,288,1947-01-01,1970-12-01,289.0,14.015591,14.075887,-14.015591,0.069686,True,R02_REBASE,rebase_or_definition,,,,,,,,,
FD-CPIAUCNS-19720121,CPIAUCNS,1971-12-22,1972-01-21,3,1971-08-01,1971-10-01,5.0,0.136121,0.163399,-0.136121,,False,R90_UNCLASSIFIED,unclassified,,,,,,,,,
FD-CPIAUCNS-19741220,CPIAUCNS,1974-11-21,1974-12-20,7,1974-04-01,1974-10-01,8.0,0.134047,0.202293,-0.134047,0.142857,False,R90_UNCLASSIFIED,unclassified,,,,,,,,,
FD-CPIAUCNS-19880226,CPIAUCNS,1988-01-20,1988-02-26,492,1947-01-01,1987-12-01,493.0,66.624627,66.804408,-66.624627,0.101833,True,R02_REBASE,rebase_or_definition,,,,,,,,,
FD-CPIAUCNS-20000928,CPIAUCNS,2000-09-15,2000-09-28,8,2000-01-01,2000-08-01,8.0,0.072954,0.116754,0.072954,0.125,False,R90_UNCLASSIFIED,unclassified,,,,,,,,,
FD-CPIAUCNS-20161018,CPIAUCNS,2016-09-16,2016-10-18,4,2016-05-01,2016-08-01,5.0,0.005192,0.008297,-0.005192,,False,R90_UNCLASSIFIED,unclassified,,,,,,,,,
FD-PPIFIS-20150218,PPIFIS,2015-01-15,2015-02-18,21,2010-12-01,2014-11-01,50.0,0.095874,0.179211,-0.026091,0.083333,False,R12_PPI_SA_5Y,seasonal_factor_recompute,,,,,,,,,
FD-PPIFIS-20160217,PPIFIS,2016-01-15,2016-02-17,15,2011-10-01,2015-12-01,52.0,0.091395,0.093985,0.006214,0.078431,False,R12_PPI_SA_5Y,seasonal_factor_recompute,,,,,,,,,
FD-PPIFIS-20170210,PPIFIS,2017-01-13,2017-02-10,20,2012-04-01,2016-12-01,58.0,0.091052,0.092937,0.000269,0.035088,False,R12_PPI_SA_5Y,seasonal_factor_recompute,,,,,,,,,
FD-PPIFIS-20180215,PPIFIS,2018-01-11,2018-02-15,17,2013-09-01,2017-12-01,53.0,0.089949,0.091408,-0.005871,0.076923,False,R12_PPI_SA_5Y,seasonal_factor_recompute,,,,,,,,,
FD-PPIFIS-20190212,PPIFIS,2019-01-15,2019-02-12,17,2014-06-01,2018-12-01,56.0,0.088884,0.091324,0.005208,0.090909,False,R12_PPI_SA_5Y,seasonal_factor_recompute,,,,,,,,,
FD-PPIFIS-20200214,PPIFIS,2020-01-15,2020-02-14,16,2015-05-01,2019-11-01,57.0,0.087938,0.091241,0.000403,0.072727,False,R12_PPI_SA_5Y,seasonal_factor_recompute,,,,,,,,,
FD-PPIFIS-20210217,PPIFIS,2021-01-15,2021-02-17,17,2016-04-01,2020-12-01,58.0,0.09074,0.168209,-0.009405,0.070175,False,R12_PPI_SA_5Y,seasonal_factor_recompute,,,,,,,,,
FD-PPIFIS-20220211,PPIFIS,2022-01-13,2022-02-11,24,2017-05-01,2021-12-01,57.0,0.07536,0.094309,-0.012977,0.089286,False,R12_PPI_SA_5Y,seasonal_factor_recompute,,,,,,,,,
FD-PPIFIS-20230214,PPIFIS,2023-01-18,2023-02-14,35,2018-03-01,2022-12-01,59.0,0.086274,0.194713,0.004581,0.051724,False,R12_PPI_SA_5Y,seasonal_factor_recompute,,,,,,,,,
FD-PPIFIS-20240214,PPIFIS,2024-01-12,2024-02-14,34,2019-07-01,2023-12-01,55.0,0.037717,0.094316,0.003299,0.037037,False,R12_PPI_SA_5Y,seasonal_factor_recompute,,,,,,,,,
FD-PPIFIS-20250213,PPIFIS,2025-01-14,2025-02-13,43,2020-01-01,2024-12-01,61.0,0.030349,0.194086,0.00522,0.066667,False,R12_PPI_SA_5Y,seasonal_factor_recompute,,,,,,,,,
FD-PPIFIS-20260227,PPIFIS,2026-01-30,2026-02-27,55,2021-04-01,2025-12-01,58.0,0.029287,0.105987,-0.002502,0.070175,False,R12_PPI_SA_5Y,seasonal_factor_recompute,,,,,,,,,
