rule_id,proposed_cause,series,routine_window_months,condition,rationale,n_events,n_series,first_vintage,last_vintage,agency_sources,agency_quotes,claude_recommendation,decision,verified_by,verified_date,notes
R20_ROUTINE_MARTS_SA,advance_to_revised,RSAFS;RSXFS,15,revision_depth_months <= routine_window_months,"Routine monthly release: advance estimate, prior months revised; concurrent seasonal adjustment re-estimates factors each month (modal depth 14 months in every year 2001-2026).",594,2,2001-07-13,2026-09-16,"SRC-0C3D639734: U.S. Census Bureau, ""Advance Monthly Sales for Retail and Food Services, August 2026 (CB26-153)"" (2026-09-16) https://www2.census.gov/retail/releases/historical/marts/adv2608.pdf","(2) Estimates are concurrently adjusted for seasonal variation and for holiday and trading day differences, but not for price changes. Concurrent seasonal adjustment uses all available unadjusted estimates as input to the X-13ARIMA-SEATS program. (3) Advance estimates are based on early reports obtained from a small sample of firms selected from the larger Monthly Retail Trade Survey (MRTS) sample.",approve,,,,
R21_ROUTINE_MARTS_NSA,advance_to_revised,RSAFSNA,4,revision_depth_months <= routine_window_months,"Routine monthly release on not-seasonally-adjusted data: advance, preliminary, revised (modal depth 3).",298,1,2001-07-13,2026-09-16,"SRC-0C3D639734: U.S. Census Bureau, ""Advance Monthly Sales for Retail and Food Services, August 2026 (CB26-153)"" (2026-09-16) https://www2.census.gov/retail/releases/historical/marts/adv2608.pdf",(3) Advance estimates are based on early reports obtained from a small sample of firms selected from the larger Monthly Retail Trade Survey (MRTS) sample. Table legend: (a) Advance estimate (p) Preliminary estimate (r) Revised estimate.,approve,,,,
R22_ROUTINE_MRTS,advance_to_revised,MRTSSM44X72USS,15,revision_depth_months <= routine_window_months,Routine Monthly Retail Trade Survey release with concurrent seasonal adjustment (modal depth 14).,92,1,2017-12-14,2026-09-16,"SRC-0C3D639734: U.S. Census Bureau, ""Advance Monthly Sales for Retail and Food Services, August 2026 (CB26-153)"" (2026-09-16) https://www2.census.gov/retail/releases/historical/marts/adv2608.pdf","(2) Estimates are concurrently adjusted for seasonal variation and for holiday and trading day differences, but not for price changes. Concurrent seasonal adjustment uses all available unadjusted estimates as input to the X-13ARIMA-SEATS program. (3) Advance estimates are based on early reports obtained from a small sample of firms selected from the larger Monthly Retail Trade Survey (MRTS) sample.",approve,,,,
R23_ROUTINE_M3,advance_to_revised,DGORDER;AMTMNO;NEWORDER,4,revision_depth_months <= routine_window_months,Routine M3 advance and full reports: corrections in the full report and the next advance report (modal depth 2-3).,1504,3,1997-03-26,2026-10-02,"SRC-4D82FF8311: U.S. Census Bureau, ""Full Report on Manufacturers' Shipments, Inventories, and Orders, April 2025"" (2025-06-03) https://www.census.gov/manufacturing/m3/historical_data/pressreleases/prel/2025/apr25prel.pdf",Any corrections will be published in the full report. Corrections received after the full report will be released in the next month’s advance report. Any revisions made later than two months will be reflected in the annual benchmark publication.,approve,,,,
R24_ROUTINE_MTIS,advance_to_revised,BUSINV;ISRATIO;TOTBUSSMSA,16,revision_depth_months <= routine_window_months,"Routine MTIS release combining MRTS, MWTS and M3 with concurrent seasonal adjustment (modal depth 14).",495,3,1996-12-13,2026-09-16,"SRC-E8AEFBA154: U.S. Census Bureau, ""Manufacturing and Trade Inventories and Sales, June 2026"" (2026-08-14) https://www2.census.gov/mtis/historical/mtis2606.pdf","Concurrent seasonal adjustment is being used to adjust all sales, shipment and inventory estimates.",approve,,,,
R25_ROUTINE_PPI,advance_to_revised,PPIACO;PPIFIS,7,revision_depth_months <= routine_window_months,"Routine PPI release: indexes recalculated once, four months after original publication (modal depth 5).",417,2,1997-01-09,2026-09-10,"SRC-383DF52140: U.S. Bureau of Labor Statistics, ""Producer Price Indexes - August 2026 (news release)"" (2026-09-10) https://www.bls.gov/news.release/archives/ppi_09102026.pdf
SRC-F17B3D6CD3: U.S. Bureau of Labor Statistics, ""Handbook of Methods: Producer Price Indexes - Presentation"" (2026-03-19 (last modified)) https://www.bls.gov/opub/hom/ppi/presentation.htm
SRC-4B1675D716: U.S. Bureau of Labor Statistics, ""Handbook of Methods: Producer Price Indexes - Calculation"" (2026-03-19 (last modified)) https://www.bls.gov/opub/hom/ppi/calculation.htm","Individual items and subtotals may not add exactly to totals because of rounding differences. 2 All indexes are subject to revision for 4 months after their originally scheduled publication to incorporate late reports and corrections by survey respondents.
---
Index revision Beginning in the 1970s and continuing through October 2021, PPIs were routinely subject to revision 1 time, 4 months after original publication, to reflect late reports and corrections reported by respondents. Effective with the release of data for November 2021, PPI index revisions include iterative updates for the 3 interim months after first issuance prior to posting of final indexes 4 months after original publication. This change in procedures means that effective with data for November 2021, indexes undergo five iterative updates from first issuance through final posting.
---
Index revisions With the release of data for November 2021, PPI index revisions include iterative updates for the 3 interim months after first issuance but prior to the posting of final indexes, 4 months after original publication. This change in procedure means that effective with data for November 2021, indexes undergo five iterative updates from first issuance through final posting.",approve,,,,
R26_ROUTINE_TSI,routine_reestimation,TSIFRGHT;TSITTL,,n_revised > 0 and max_abs_pct_revision <= 3.0,"Every TSI release revises much of the history (concurrent seasonal re-estimation). Rule applies only when no single month is revised by more than 3.0% (screening threshold set by the label owner, 2026-10-03).",253,2,2014-11-13,2026-10-01,"SRC-CBB4AE24CE: Bureau of Transportation Statistics, ""Revision Policy for the Transportation Services Index"" (2024-11-22) https://www.bts.gov/browse-statistical-products-and-data/transportation-economic-trends/revision-policy-tsi
SRC-1FE2F88F19: Bureau of Transportation Statistics, ""May 2025 Freight Transportation Services Index (TSI) Down 0.1% from the Previous Month and Down 0.9% from the Same Month Last Year (BTS 42-25)"" (2025-07-10) https://www.bts.gov/newsroom/may-2025-freight-transportation-services-index-tsi-down-01-previous-month-and-down-09-same","Revision Policy for the Transportation Services Index Friday, November 22, 2024 Policy Summary The Bureau of Transportation Statistics (BTS) publishes the TSI monthly. The monthly publication includes the release of the latest month of data and revisions to previous months. Revisions to historical input data: Occasionally, the sources for TSI input data revise their historical data to reflect newly available information or changes in their data compilation methods. Such changes in source data also result in changes to the TSI estimates. Adding a new data point to the data series for the most recent month changes the seasonality estimation in previous months.
---
May 2025 Freight Transportation Services Index (TSI) Down 0.1% from the Previous Month and Down 0.9% from the Same Month Last Year Thursday, July 10, 2025 BTS 42-25 Revisions: Monthly data has changed from previous releases due to the use of concurrent seasonal analysis, which results in seasonal analysis factors changing as each month’s data are added. NOTE: The entire Freight TSI is revised monthly.",approve,,,,
