target_id,limitation,follow_up,recorded_by_instruction_of,recorded_date
R22_ROUTINE_MRTS,"Program-level evidence only: the cited source is a MARTS (advance) release, not an MRTS-specific methodology document. The same-season year-ago revisions are an inference from the observed revision pattern and are NOT directly confirmed by Census.",Add an MRTS-specific primary source if one is found.,Tosin Clement,2026-10-03
R24_ROUTINE_MTIS,"`advance_to_revised` here includes preliminary-to-revised transitions; MTIS itself calls its current-month estimates preliminary, not advance.",Keep wording in docs; do not describe MTIS estimates as 'advance'.,Tosin Clement,2026-10-03
R24_ROUTINE_MTIS,"The 16-month routine cutoff is an empirical inference from the vintage data (modal depth 14), not a revision window specified by Census; the same-season year-ago revision mechanism is inferred from the observed pattern and not directly confirmed by Census. Application back to 1996 relies partly on the continuity of the observed pattern because the cited source is from 2026.",Add a Census source stating the MTIS revision window if one is found.,Tosin Clement,2026-10-03
R26_ROUTINE_TSI,"The 3.0% maximum absolute single-month revision threshold is a screening criterion set by the label owner; it indicates that routine re-estimation is insufficiently supported for the 14 events above it. It is not evidence of a methodology change, source-data revision or any other cause.",The 14 screened events (rule R27_TSI_SCREENED) receive a cause only from an agency source; otherwise unknown.,Tosin Clement,2026-10-03
R26_ROUTINE_TSI,"BTS evidence is held as dated browser excerpt captures (evidence/captures/), hashed locally and verified against in-browser hashes; they are not the original server files, which bts.gov does not serve to scripted clients.",Replace with server-file copies if BTS makes them retrievable.,Tosin Clement,2026-10-03
FDC-MTIS-19990813,Source notice (mtis9906.txt) is truncated at 140 characters per line in the Census server file; the quoted notice is incomplete.,Locate an untruncated copy of CB-99-154 if one exists.,Tosin Clement,2026-10-03
FDC-MTIS-19990813,Notice states no revision start month; no numeric check of the source against the observed revision was possible.,,Tosin Clement,2026-10-03
FDC-MTIS-20050915,"HOLD (no decision recorded): pending FDC-M3-20050819. Its cause carries to these MTIS events only if government evidence, affected component, timing and revision pattern establish the connection; otherwise unknown.",Decide after FDC-M3-20050819.,Tosin Clement,2026-10-03
FDC-CPI-19510302,"BLS Bulletin 1039 is dated June 29, 1951, after this vintage, and does not state when the adjusted series was first published; it is retrospective government evidence supported by an exact numerical match (+1.3 index points, January 1950), not a contemporaneous release notice.",,Tosin Clement,2026-10-03
FDC-CPI-19510302,"Quoted text is FRASER's OCR of the scanned bulletin, captured from the FRASER full-text page; OCR and scanning artifacts are preserved.",Replace with a BLS-hosted copy if one is located.,Tosin Clement,2026-10-03
FDC-MARTS-20110429,RSAFSNA first revised month (1998-02) is one month later than the stated January 1998 start of the NAICS 722 not-adjusted revision.,,Tosin Clement,2026-10-03
FDC-MTIS-20060613,"HOLD (no decision recorded): pending FDC-M3-20060519. Its cause carries to these MTIS events only if government evidence, affected component, timing and revision pattern establish the connection; otherwise unknown.",Decide after FDC-M3-20060519.,Tosin Clement,2026-10-03
FDC-MTIS-20070613,"HOLD (no decision recorded): pending FDC-M3-20070518. Its cause carries to these MTIS events only if government evidence, affected component, timing and revision pattern establish the connection; otherwise unknown.",Decide after FDC-M3-20070518.,Tosin Clement,2026-10-03
