rule_id,source_id,quote,locator
R20_ROUTINE_MARTS_SA,SRC-0C3D639734,"(2) Estimates are concurrently adjusted for seasonal variation and for holiday and trading day differences, but not for price changes. Concurrent seasonal adjustment uses all available unadjusted estimates as input to the X-13ARIMA-SEATS program. (3) Advance estimates are based on early reports obtained from a small sample of firms selected from the larger Monthly Retail Trade Survey (MRTS) sample.","Table 1 footnotes (2), (3)"
R22_ROUTINE_MRTS,SRC-0C3D639734,"(2) Estimates are concurrently adjusted for seasonal variation and for holiday and trading day differences, but not for price changes. Concurrent seasonal adjustment uses all available unadjusted estimates as input to the X-13ARIMA-SEATS program. (3) Advance estimates are based on early reports obtained from a small sample of firms selected from the larger Monthly Retail Trade Survey (MRTS) sample.","Table 1 footnotes (2), (3)"
R21_ROUTINE_MARTS_NSA,SRC-0C3D639734,(3) Advance estimates are based on early reports obtained from a small sample of firms selected from the larger Monthly Retail Trade Survey (MRTS) sample. Table legend: (a) Advance estimate (p) Preliminary estimate (r) Revised estimate.,Table 1 legend and footnote (3)
R23_ROUTINE_M3,SRC-4D82FF8311,Any corrections will be published in the full report. Corrections received after the full report will be released in the next month’s advance report. Any revisions made later than two months will be reflected in the annual benchmark publication.,Reliability of Estimates
R24_ROUTINE_MTIS,SRC-E8AEFBA154,"Concurrent seasonal adjustment is being used to adjust all sales, shipment and inventory estimates.",explanatory notes
R25_ROUTINE_PPI,SRC-383DF52140,Individual items and subtotals may not add exactly to totals because of rounding differences. 2 All indexes are subject to revision for 4 months after their originally scheduled publication to incorporate late reports and corrections by survey respondents.,
R25_ROUTINE_PPI,SRC-F17B3D6CD3,"Index revision Beginning in the 1970s and continuing through October 2021, PPIs were routinely subject to revision 1 time, 4 months after original publication, to reflect late reports and corrections reported by respondents. Effective with the release of data for November 2021, PPI index revisions include iterative updates for the 3 interim months after first issuance prior to posting of final indexes 4 months after original publication. This change in procedures means that effective with data for November 2021, indexes undergo five iterative updates from first issuance through final posting.",section: Index revision
R25_ROUTINE_PPI,SRC-4B1675D716,"Index revisions With the release of data for November 2021, PPI index revisions include iterative updates for the 3 interim months after first issuance but prior to the posting of final indexes, 4 months after original publication. This change in procedure means that effective with data for November 2021, indexes undergo five iterative updates from first issuance through final posting.",section: Index revisions
R10_BLS_SA_FEB,SRC-383DF52140,Individual items and subtotals may not add exactly to totals because of rounding differences. 2 All indexes are subject to revision for 4 months after their originally scheduled publication to incorporate late reports and corrections by survey respondents.,
R26_ROUTINE_TSI,SRC-CBB4AE24CE,"Revision Policy for the Transportation Services Index Friday, November 22, 2024 Policy Summary The Bureau of Transportation Statistics (BTS) publishes the TSI monthly. The monthly publication includes the release of the latest month of data and revisions to previous months. Revisions to historical input data: Occasionally, the sources for TSI input data revise their historical data to reflect newly available information or changes in their data compilation methods. Such changes in source data also result in changes to the TSI estimates. Adding a new data point to the data series for the most recent month changes the seasonality estimation in previous months.",Policy Summary; Reasons for Revision (excerpt capture)
R26_ROUTINE_TSI,SRC-1FE2F88F19,"May 2025 Freight Transportation Services Index (TSI) Down 0.1% from the Previous Month and Down 0.9% from the Same Month Last Year Thursday, July 10, 2025 BTS 42-25 Revisions: Monthly data has changed from previous releases due to the use of concurrent seasonal analysis, which results in seasonal analysis factors changing as each month’s data are added. NOTE: The entire Freight TSI is revised monthly.",'Revisions' paragraph; note to Table A (excerpt capture)
R10_BLS_SA_FEB,SRC-C462AC9D85,"Economy at a Glance Regions, States & Areas at a Glance Industry at a Glance Text Files News Release Tables More Sources of Data Restricted Data Access Discontinued Databases Questions & Answers Special Notices Publications Latest Publications The Economics Daily Monthly Labor Review Beyond the Numbers Spotlight on Statistics Reports Videos Career Outlook Occupational Outlook Handbook Geographic Profile Handbook of Methods Research Papers Copyright Information Contact & Help Weekly Update Economic Releases Latest Releases Major Economic Indicators Schedules for news Releases By Month By News Release Current Year Prior Years Archived News Releases Employment & Unemployment Monthly Quarterly,  This routine annual recalculation may result in revisions to seasonally adjusted indexes for the previous 5 years.",web page
R10_BLS_SA_FEB,SRC-3D0A9034D7,"BLS announced that subsequent annual updates would replace 5 years of seasonal data. 1967 The Bureau of the Census introduced ""The X-11 Variant of the Census Method II Seasonal Adjustment Program"", or X-11.",entry: 1977
R00_EXTENSION,,Mechanical: no published value changed.,
R01_ARCHIVE_WINDOW,,Mechanical: ALFRED vintage holds a fixed-length window (see data/manifests n_obs).,
