date,transportation_services_index_freight,transportation_services_index_combined
1947-01-01T00:00:00.000,,
1947-02-01T00:00:00.000,,
1947-03-01T00:00:00.000,,
1947-04-01T00:00:00.000,,
1947-05-01T00:00:00.000,,
1947-06-01T00:00:00.000,,
1947-07-01T00:00:00.000,,
1947-08-01T00:00:00.000,,
1947-09-01T00:00:00.000,,
1947-10-01T00:00:00.000,,
1947-11-01T00:00:00.000,,
1947-12-01T00:00:00.000,,
1948-01-01T00:00:00.000,,
1948-02-01T00:00:00.000,,
1948-03-01T00:00:00.000,,
1948-04-01T00:00:00.000,,
1948-05-01T00:00:00.000,,
1948-06-01T00:00:00.000,,
1948-07-01T00:00:00.000,,
1948-08-01T00:00:00.000,,
1948-09-01T00:00:00.000,,
1948-10-01T00:00:00.000,,
1948-11-01T00:00:00.000,,
1948-12-01T00:00:00.000,,
1949-01-01T00:00:00.000,,
1949-02-01T00:00:00.000,,
1949-03-01T00:00:00.000,,
1949-04-01T00:00:00.000,,
1949-05-01T00:00:00.000,,
1949-06-01T00:00:00.000,,
1949-07-01T00:00:00.000,,
1949-08-01T00:00:00.000,,
1949-09-01T00:00:00.000,,
1949-10-01T00:00:00.000,,
1949-11-01T00:00:00.000,,
1949-12-01T00:00:00.000,,
1950-01-01T00:00:00.000,,
1950-02-01T00:00:00.000,,
1950-03-01T00:00:00.000,,
1950-04-01T00:00:00.000,,
1950-05-01T00:00:00.000,,
1950-06-01T00:00:00.000,,
1950-07-01T00:00:00.000,,
1950-08-01T00:00:00.000,,
1950-09-01T00:00:00.000,,
1950-10-01T00:00:00.000,,
1950-11-01T00:00:00.000,,
1950-12-01T00:00:00.000,,
1951-01-01T00:00:00.000,,
1951-02-01T00:00:00.000,,
1951-03-01T00:00:00.000,,
1951-04-01T00:00:00.000,,
1951-05-01T00:00:00.000,,
1951-06-01T00:00:00.000,,
1951-07-01T00:00:00.000,,
1951-08-01T00:00:00.000,,
1951-09-01T00:00:00.000,,
1951-10-01T00:00:00.000,,
1951-11-01T00:00:00.000,,
1951-12-01T00:00:00.000,,
1952-01-01T00:00:00.000,,
1952-02-01T00:00:00.000,,
1952-03-01T00:00:00.000,,
1952-04-01T00:00:00.000,,
1952-05-01T00:00:00.000,,
1952-06-01T00:00:00.000,,
1952-07-01T00:00:00.000,,
1952-08-01T00:00:00.000,,
1952-09-01T00:00:00.000,,
1952-10-01T00:00:00.000,,
1952-11-01T00:00:00.000,,
1952-12-01T00:00:00.000,,
1953-01-01T00:00:00.000,,
1953-02-01T00:00:00.000,,
1953-03-01T00:00:00.000,,
1953-04-01T00:00:00.000,,
1953-05-01T00:00:00.000,,
1953-06-01T00:00:00.000,,
1953-07-01T00:00:00.000,,
1953-08-01T00:00:00.000,,
1953-09-01T00:00:00.000,,
1953-10-01T00:00:00.000,,
1953-11-01T00:00:00.000,,
1953-12-01T00:00:00.000,,
1954-01-01T00:00:00.000,,
1954-02-01T00:00:00.000,,
1954-03-01T00:00:00.000,,
1954-04-01T00:00:00.000,,
1954-05-01T00:00:00.000,,
1954-06-01T00:00:00.000,,
1954-07-01T00:00:00.000,,
1954-08-01T00:00:00.000,,
1954-09-01T00:00:00.000,,
1954-10-01T00:00:00.000,,
1954-11-01T00:00:00.000,,
1954-12-01T00:00:00.000,,
1955-01-01T00:00:00.000,,
1955-02-01T00:00:00.000,,
1955-03-01T00:00:00.000,,
1955-04-01T00:00:00.000,,
1955-05-01T00:00:00.000,,
1955-06-01T00:00:00.000,,
1955-07-01T00:00:00.000,,
1955-08-01T00:00:00.000,,
1955-09-01T00:00:00.000,,
1955-10-01T00:00:00.000,,
1955-11-01T00:00:00.000,,
1955-12-01T00:00:00.000,,
1956-01-01T00:00:00.000,,
1956-02-01T00:00:00.000,,
1956-03-01T00:00:00.000,,
1956-04-01T00:00:00.000,,
1956-05-01T00:00:00.000,,
1956-06-01T00:00:00.000,,
1956-07-01T00:00:00.000,,
1956-08-01T00:00:00.000,,
1956-09-01T00:00:00.000,,
1956-10-01T00:00:00.000,,
1956-11-01T00:00:00.000,,
1956-12-01T00:00:00.000,,
1957-01-01T00:00:00.000,,
1957-02-01T00:00:00.000,,
1957-03-01T00:00:00.000,,
1957-04-01T00:00:00.000,,
1957-05-01T00:00:00.000,,
1957-06-01T00:00:00.000,,
1957-07-01T00:00:00.000,,
1957-08-01T00:00:00.000,,
1957-09-01T00:00:00.000,,
1957-10-01T00:00:00.000,,
1957-11-01T00:00:00.000,,
1957-12-01T00:00:00.000,,
1958-01-01T00:00:00.000,,
1958-02-01T00:00:00.000,,
1958-03-01T00:00:00.000,,
1958-04-01T00:00:00.000,,
1958-05-01T00:00:00.000,,
1958-06-01T00:00:00.000,,
1958-07-01T00:00:00.000,,
1958-08-01T00:00:00.000,,
1958-09-01T00:00:00.000,,
1958-10-01T00:00:00.000,,
1958-11-01T00:00:00.000,,
1958-12-01T00:00:00.000,,
1959-01-01T00:00:00.000,,
1959-02-01T00:00:00.000,,
1959-03-01T00:00:00.000,,
1959-04-01T00:00:00.000,,
1959-05-01T00:00:00.000,,
1959-06-01T00:00:00.000,,
1959-07-01T00:00:00.000,,
1959-08-01T00:00:00.000,,
1959-09-01T00:00:00.000,,
1959-10-01T00:00:00.000,,
1959-11-01T00:00:00.000,,
1959-12-01T00:00:00.000,,
1960-01-01T00:00:00.000,,
1960-02-01T00:00:00.000,,
1960-03-01T00:00:00.000,,
1960-04-01T00:00:00.000,,
1960-05-01T00:00:00.000,,
1960-06-01T00:00:00.000,,
1960-07-01T00:00:00.000,,
1960-08-01T00:00:00.000,,
1960-09-01T00:00:00.000,,
1960-10-01T00:00:00.000,,
1960-11-01T00:00:00.000,,
1960-12-01T00:00:00.000,,
1961-01-01T00:00:00.000,,
1961-02-01T00:00:00.000,,
1961-03-01T00:00:00.000,,
1961-04-01T00:00:00.000,,
1961-05-01T00:00:00.000,,
1961-06-01T00:00:00.000,,
1961-07-01T00:00:00.000,,
1961-08-01T00:00:00.000,,
1961-09-01T00:00:00.000,,
1961-10-01T00:00:00.000,,
1961-11-01T00:00:00.000,,
1961-12-01T00:00:00.000,,
1962-01-01T00:00:00.000,,
1962-02-01T00:00:00.000,,
1962-03-01T00:00:00.000,,
1962-04-01T00:00:00.000,,
1962-05-01T00:00:00.000,,
1962-06-01T00:00:00.000,,
1962-07-01T00:00:00.000,,
1962-08-01T00:00:00.000,,
1962-09-01T00:00:00.000,,
1962-10-01T00:00:00.000,,
1962-11-01T00:00:00.000,,
1962-12-01T00:00:00.000,,
1963-01-01T00:00:00.000,,
1963-02-01T00:00:00.000,,
1963-03-01T00:00:00.000,,
1963-04-01T00:00:00.000,,
1963-05-01T00:00:00.000,,
1963-06-01T00:00:00.000,,
1963-07-01T00:00:00.000,,
1963-08-01T00:00:00.000,,
1963-09-01T00:00:00.000,,
1963-10-01T00:00:00.000,,
1963-11-01T00:00:00.000,,
1963-12-01T00:00:00.000,,
1964-01-01T00:00:00.000,,
1964-02-01T00:00:00.000,,
1964-03-01T00:00:00.000,,
1964-04-01T00:00:00.000,,
1964-05-01T00:00:00.000,,
1964-06-01T00:00:00.000,,
1964-07-01T00:00:00.000,,
1964-08-01T00:00:00.000,,
1964-09-01T00:00:00.000,,
1964-10-01T00:00:00.000,,
1964-11-01T00:00:00.000,,
1964-12-01T00:00:00.000,,
1965-01-01T00:00:00.000,,
1965-02-01T00:00:00.000,,
1965-03-01T00:00:00.000,,
1965-04-01T00:00:00.000,,
1965-05-01T00:00:00.000,,
1965-06-01T00:00:00.000,,
1965-07-01T00:00:00.000,,
1965-08-01T00:00:00.000,,
1965-09-01T00:00:00.000,,
1965-10-01T00:00:00.000,,
1965-11-01T00:00:00.000,,
1965-12-01T00:00:00.000,,
1966-01-01T00:00:00.000,,
1966-02-01T00:00:00.000,,
1966-03-01T00:00:00.000,,
1966-04-01T00:00:00.000,,
1966-05-01T00:00:00.000,,
1966-06-01T00:00:00.000,,
1966-07-01T00:00:00.000,,
1966-08-01T00:00:00.000,,
1966-09-01T00:00:00.000,,
1966-10-01T00:00:00.000,,
1966-11-01T00:00:00.000,,
1966-12-01T00:00:00.000,,
1967-01-01T00:00:00.000,,
1967-02-01T00:00:00.000,,
1967-03-01T00:00:00.000,,
1967-04-01T00:00:00.000,,
1967-05-01T00:00:00.000,,
1967-06-01T00:00:00.000,,
1967-07-01T00:00:00.000,,
1967-08-01T00:00:00.000,,
1967-09-01T00:00:00.000,,
1967-10-01T00:00:00.000,,
1967-11-01T00:00:00.000,,
1967-12-01T00:00:00.000,,
1968-01-01T00:00:00.000,,
1968-02-01T00:00:00.000,,
1968-03-01T00:00:00.000,,
1968-04-01T00:00:00.000,,
1968-05-01T00:00:00.000,,
1968-06-01T00:00:00.000,,
1968-07-01T00:00:00.000,,
1968-08-01T00:00:00.000,,
1968-09-01T00:00:00.000,,
1968-10-01T00:00:00.000,,
1968-11-01T00:00:00.000,,
1968-12-01T00:00:00.000,,
1969-01-01T00:00:00.000,,
1969-02-01T00:00:00.000,,
1969-03-01T00:00:00.000,,
1969-04-01T00:00:00.000,,
1969-05-01T00:00:00.000,,
1969-06-01T00:00:00.000,,
1969-07-01T00:00:00.000,,
1969-08-01T00:00:00.000,,
1969-09-01T00:00:00.000,,
1969-10-01T00:00:00.000,,
1969-11-01T00:00:00.000,,
1969-12-01T00:00:00.000,,
1970-01-01T00:00:00.000,,
1970-02-01T00:00:00.000,,
1970-03-01T00:00:00.000,,
1970-04-01T00:00:00.000,,
1970-05-01T00:00:00.000,,
1970-06-01T00:00:00.000,,
1970-07-01T00:00:00.000,,
1970-08-01T00:00:00.000,,
1970-09-01T00:00:00.000,,
1970-10-01T00:00:00.000,,
1970-11-01T00:00:00.000,,
1970-12-01T00:00:00.000,,
1971-01-01T00:00:00.000,,
1971-02-01T00:00:00.000,,
1971-03-01T00:00:00.000,,
1971-04-01T00:00:00.000,,
1971-05-01T00:00:00.000,,
1971-06-01T00:00:00.000,,
1971-07-01T00:00:00.000,,
1971-08-01T00:00:00.000,,
1971-09-01T00:00:00.000,,
1971-10-01T00:00:00.000,,
1971-11-01T00:00:00.000,,
1971-12-01T00:00:00.000,,
1972-01-01T00:00:00.000,,
1972-02-01T00:00:00.000,,
1972-03-01T00:00:00.000,,
1972-04-01T00:00:00.000,,
1972-05-01T00:00:00.000,,
1972-06-01T00:00:00.000,,
1972-07-01T00:00:00.000,,
1972-08-01T00:00:00.000,,
1972-09-01T00:00:00.000,,
1972-10-01T00:00:00.000,,
1972-11-01T00:00:00.000,,
1972-12-01T00:00:00.000,,
1973-01-01T00:00:00.000,,
1973-02-01T00:00:00.000,,
1973-03-01T00:00:00.000,,
1973-04-01T00:00:00.000,,
1973-05-01T00:00:00.000,,
1973-06-01T00:00:00.000,,
1973-07-01T00:00:00.000,,
1973-08-01T00:00:00.000,,
1973-09-01T00:00:00.000,,
1973-10-01T00:00:00.000,,
1973-11-01T00:00:00.000,,
1973-12-01T00:00:00.000,,
1974-01-01T00:00:00.000,,
1974-02-01T00:00:00.000,,
1974-03-01T00:00:00.000,,
1974-04-01T00:00:00.000,,
1974-05-01T00:00:00.000,,
1974-06-01T00:00:00.000,,
1974-07-01T00:00:00.000,,
1974-08-01T00:00:00.000,,
1974-09-01T00:00:00.000,,
1974-10-01T00:00:00.000,,
1974-11-01T00:00:00.000,,
1974-12-01T00:00:00.000,,
1975-01-01T00:00:00.000,,
1975-02-01T00:00:00.000,,
1975-03-01T00:00:00.000,,
1975-04-01T00:00:00.000,,
1975-05-01T00:00:00.000,,
1975-06-01T00:00:00.000,,
1975-07-01T00:00:00.000,,
1975-08-01T00:00:00.000,,
1975-09-01T00:00:00.000,,
1975-10-01T00:00:00.000,,
1975-11-01T00:00:00.000,,
1975-12-01T00:00:00.000,,
1976-01-01T00:00:00.000,,
1976-02-01T00:00:00.000,,
1976-03-01T00:00:00.000,,
1976-04-01T00:00:00.000,,
1976-05-01T00:00:00.000,,
1976-06-01T00:00:00.000,,
1976-07-01T00:00:00.000,,
1976-08-01T00:00:00.000,,
1976-09-01T00:00:00.000,,
1976-10-01T00:00:00.000,,
1976-11-01T00:00:00.000,,
1976-12-01T00:00:00.000,,
1977-01-01T00:00:00.000,,
1977-02-01T00:00:00.000,,
1977-03-01T00:00:00.000,,
1977-04-01T00:00:00.000,,
1977-05-01T00:00:00.000,,
1977-06-01T00:00:00.000,,
1977-07-01T00:00:00.000,,
1977-08-01T00:00:00.000,,
1977-09-01T00:00:00.000,,
1977-10-01T00:00:00.000,,
1977-11-01T00:00:00.000,,
1977-12-01T00:00:00.000,,
1978-01-01T00:00:00.000,,
1978-02-01T00:00:00.000,,
1978-03-01T00:00:00.000,,
1978-04-01T00:00:00.000,,
1978-05-01T00:00:00.000,,
1978-06-01T00:00:00.000,,
1978-07-01T00:00:00.000,,
1978-08-01T00:00:00.000,,
1978-09-01T00:00:00.000,,
1978-10-01T00:00:00.000,,
1978-11-01T00:00:00.000,,
1978-12-01T00:00:00.000,,
1979-01-01T00:00:00.000,,
1979-02-01T00:00:00.000,,
1979-03-01T00:00:00.000,,
1979-04-01T00:00:00.000,,
1979-05-01T00:00:00.000,,
1979-06-01T00:00:00.000,,
1979-07-01T00:00:00.000,,
1979-08-01T00:00:00.000,,
1979-09-01T00:00:00.000,,
1979-10-01T00:00:00.000,,
1979-11-01T00:00:00.000,,
1979-12-01T00:00:00.000,,
1980-01-01T00:00:00.000,,
1980-02-01T00:00:00.000,,
1980-03-01T00:00:00.000,,
1980-04-01T00:00:00.000,,
1980-05-01T00:00:00.000,,
1980-06-01T00:00:00.000,,
1980-07-01T00:00:00.000,,
1980-08-01T00:00:00.000,,
1980-09-01T00:00:00.000,,
1980-10-01T00:00:00.000,,
1980-11-01T00:00:00.000,,
1980-12-01T00:00:00.000,,
1981-01-01T00:00:00.000,,
1981-02-01T00:00:00.000,,
1981-03-01T00:00:00.000,,
1981-04-01T00:00:00.000,,
1981-05-01T00:00:00.000,,
1981-06-01T00:00:00.000,,
1981-07-01T00:00:00.000,,
1981-08-01T00:00:00.000,,
1981-09-01T00:00:00.000,,
1981-10-01T00:00:00.000,,
1981-11-01T00:00:00.000,,
1981-12-01T00:00:00.000,,
1982-01-01T00:00:00.000,,
1982-02-01T00:00:00.000,,
1982-03-01T00:00:00.000,,
1982-04-01T00:00:00.000,,
1982-05-01T00:00:00.000,,
1982-06-01T00:00:00.000,,
1982-07-01T00:00:00.000,,
1982-08-01T00:00:00.000,,
1982-09-01T00:00:00.000,,
1982-10-01T00:00:00.000,,
1982-11-01T00:00:00.000,,
1982-12-01T00:00:00.000,,
1983-01-01T00:00:00.000,,
1983-02-01T00:00:00.000,,
1983-03-01T00:00:00.000,,
1983-04-01T00:00:00.000,,
1983-05-01T00:00:00.000,,
1983-06-01T00:00:00.000,,
1983-07-01T00:00:00.000,,
1983-08-01T00:00:00.000,,
1983-09-01T00:00:00.000,,
1983-10-01T00:00:00.000,,
1983-11-01T00:00:00.000,,
1983-12-01T00:00:00.000,,
1984-01-01T00:00:00.000,,
1984-02-01T00:00:00.000,,
1984-03-01T00:00:00.000,,
1984-04-01T00:00:00.000,,
1984-05-01T00:00:00.000,,
1984-06-01T00:00:00.000,,
1984-07-01T00:00:00.000,,
1984-08-01T00:00:00.000,,
1984-09-01T00:00:00.000,,
1984-10-01T00:00:00.000,,
1984-11-01T00:00:00.000,,
1984-12-01T00:00:00.000,,
1985-01-01T00:00:00.000,,
1985-02-01T00:00:00.000,,
1985-03-01T00:00:00.000,,
1985-04-01T00:00:00.000,,
1985-05-01T00:00:00.000,,
1985-06-01T00:00:00.000,,
1985-07-01T00:00:00.000,,
1985-08-01T00:00:00.000,,
1985-09-01T00:00:00.000,,
1985-10-01T00:00:00.000,,
1985-11-01T00:00:00.000,,
1985-12-01T00:00:00.000,,
1986-01-01T00:00:00.000,,
1986-02-01T00:00:00.000,,
1986-03-01T00:00:00.000,,
1986-04-01T00:00:00.000,,
1986-05-01T00:00:00.000,,
1986-06-01T00:00:00.000,,
1986-07-01T00:00:00.000,,
1986-08-01T00:00:00.000,,
1986-09-01T00:00:00.000,,
1986-10-01T00:00:00.000,,
1986-11-01T00:00:00.000,,
1986-12-01T00:00:00.000,,
1987-01-01T00:00:00.000,,
1987-02-01T00:00:00.000,,
1987-03-01T00:00:00.000,,
1987-04-01T00:00:00.000,,
1987-05-01T00:00:00.000,,
1987-06-01T00:00:00.000,,
1987-07-01T00:00:00.000,,
1987-08-01T00:00:00.000,,
1987-09-01T00:00:00.000,,
1987-10-01T00:00:00.000,,
1987-11-01T00:00:00.000,,
1987-12-01T00:00:00.000,,
1988-01-01T00:00:00.000,,
1988-02-01T00:00:00.000,,
1988-03-01T00:00:00.000,,
1988-04-01T00:00:00.000,,
1988-05-01T00:00:00.000,,
1988-06-01T00:00:00.000,,
1988-07-01T00:00:00.000,,
1988-08-01T00:00:00.000,,
1988-09-01T00:00:00.000,,
1988-10-01T00:00:00.000,,
1988-11-01T00:00:00.000,,
1988-12-01T00:00:00.000,,
1989-01-01T00:00:00.000,,
1989-02-01T00:00:00.000,,
1989-03-01T00:00:00.000,,
1989-04-01T00:00:00.000,,
1989-05-01T00:00:00.000,,
1989-06-01T00:00:00.000,,
1989-07-01T00:00:00.000,,
1989-08-01T00:00:00.000,,
1989-09-01T00:00:00.000,,
1989-10-01T00:00:00.000,,
1989-11-01T00:00:00.000,,
1989-12-01T00:00:00.000,,
1990-01-01T00:00:00.000,,
1990-02-01T00:00:00.000,,
1990-03-01T00:00:00.000,,
1990-04-01T00:00:00.000,,
1990-05-01T00:00:00.000,,
1990-06-01T00:00:00.000,,
1990-07-01T00:00:00.000,,
1990-08-01T00:00:00.000,,
1990-09-01T00:00:00.000,,
1990-10-01T00:00:00.000,,
1990-11-01T00:00:00.000,,
1990-12-01T00:00:00.000,,
1991-01-01T00:00:00.000,,
1991-02-01T00:00:00.000,,
1991-03-01T00:00:00.000,,
1991-04-01T00:00:00.000,,
1991-05-01T00:00:00.000,,
1991-06-01T00:00:00.000,,
1991-07-01T00:00:00.000,,
1991-08-01T00:00:00.000,,
1991-09-01T00:00:00.000,,
1991-10-01T00:00:00.000,,
1991-11-01T00:00:00.000,,
1991-12-01T00:00:00.000,,
1992-01-01T00:00:00.000,,
1992-02-01T00:00:00.000,,
1992-03-01T00:00:00.000,,
1992-04-01T00:00:00.000,,
1992-05-01T00:00:00.000,,
1992-06-01T00:00:00.000,,
1992-07-01T00:00:00.000,,
1992-08-01T00:00:00.000,,
1992-09-01T00:00:00.000,,
1992-10-01T00:00:00.000,,
1992-11-01T00:00:00.000,,
1992-12-01T00:00:00.000,,
1993-01-01T00:00:00.000,,
1993-02-01T00:00:00.000,,
1993-03-01T00:00:00.000,,
1993-04-01T00:00:00.000,,
1993-05-01T00:00:00.000,,
1993-06-01T00:00:00.000,,
1993-07-01T00:00:00.000,,
1993-08-01T00:00:00.000,,
1993-09-01T00:00:00.000,,
1993-10-01T00:00:00.000,,
1993-11-01T00:00:00.000,,
1993-12-01T00:00:00.000,,
1994-01-01T00:00:00.000,,
1994-02-01T00:00:00.000,,
1994-03-01T00:00:00.000,,
1994-04-01T00:00:00.000,,
1994-05-01T00:00:00.000,,
1994-06-01T00:00:00.000,,
1994-07-01T00:00:00.000,,
1994-08-01T00:00:00.000,,
1994-09-01T00:00:00.000,,
1994-10-01T00:00:00.000,,
1994-11-01T00:00:00.000,,
1994-12-01T00:00:00.000,,
1995-01-01T00:00:00.000,,
1995-02-01T00:00:00.000,,
1995-03-01T00:00:00.000,,
1995-04-01T00:00:00.000,,
1995-05-01T00:00:00.000,,
1995-06-01T00:00:00.000,,
1995-07-01T00:00:00.000,,
1995-08-01T00:00:00.000,,
1995-09-01T00:00:00.000,,
1995-10-01T00:00:00.000,,
1995-11-01T00:00:00.000,,
1995-12-01T00:00:00.000,,
1996-01-01T00:00:00.000,,
1996-02-01T00:00:00.000,,
1996-03-01T00:00:00.000,,
1996-04-01T00:00:00.000,,
1996-05-01T00:00:00.000,,
1996-06-01T00:00:00.000,,
1996-07-01T00:00:00.000,,
1996-08-01T00:00:00.000,,
1996-09-01T00:00:00.000,,
1996-10-01T00:00:00.000,,
1996-11-01T00:00:00.000,,
1996-12-01T00:00:00.000,,
1997-01-01T00:00:00.000,,
1997-02-01T00:00:00.000,,
1997-03-01T00:00:00.000,,
1997-04-01T00:00:00.000,,
1997-05-01T00:00:00.000,,
1997-06-01T00:00:00.000,,
1997-07-01T00:00:00.000,,
1997-08-01T00:00:00.000,,
1997-09-01T00:00:00.000,,
1997-10-01T00:00:00.000,,
1997-11-01T00:00:00.000,,
1997-12-01T00:00:00.000,,
1998-01-01T00:00:00.000,,
1998-02-01T00:00:00.000,,
1998-03-01T00:00:00.000,,
1998-04-01T00:00:00.000,,
1998-05-01T00:00:00.000,,
1998-06-01T00:00:00.000,,
1998-07-01T00:00:00.000,,
1998-08-01T00:00:00.000,,
1998-09-01T00:00:00.000,,
1998-10-01T00:00:00.000,,
1998-11-01T00:00:00.000,,
1998-12-01T00:00:00.000,,
1999-01-01T00:00:00.000,,
1999-02-01T00:00:00.000,,
1999-03-01T00:00:00.000,,
1999-04-01T00:00:00.000,,
1999-05-01T00:00:00.000,,
1999-06-01T00:00:00.000,,
1999-07-01T00:00:00.000,,
1999-08-01T00:00:00.000,,
1999-09-01T00:00:00.000,,
1999-10-01T00:00:00.000,,
1999-11-01T00:00:00.000,,
1999-12-01T00:00:00.000,,
2000-01-01T00:00:00.000,104.9,102.0
2000-02-01T00:00:00.000,103.1,101.4
2000-03-01T00:00:00.000,99.7,99.6
2000-04-01T00:00:00.000,97.9,98.5
2000-05-01T00:00:00.000,98.9,100.0
2000-06-01T00:00:00.000,99.9,100.1
2000-07-01T00:00:00.000,97.7,98.4
2000-08-01T00:00:00.000,99.7,99.6
2000-09-01T00:00:00.000,99.7,100.9
2000-10-01T00:00:00.000,99.5,100.2
2000-11-01T00:00:00.000,100.0,100.6
2000-12-01T00:00:00.000,98.9,98.7
2001-01-01T00:00:00.000,99.3,99.9
2001-02-01T00:00:00.000,99.2,99.8
2001-03-01T00:00:00.000,99.5,100.0
2001-04-01T00:00:00.000,97.9,99.0
2001-05-01T00:00:00.000,99.4,100.1
2001-06-01T00:00:00.000,98.6,99.5
2001-07-01T00:00:00.000,97.7,98.7
2001-08-01T00:00:00.000,99.2,100.0
2001-09-01T00:00:00.000,98.0,93.6
2001-10-01T00:00:00.000,98.8,94.9
2001-11-01T00:00:00.000,98.0,95.1
2001-12-01T00:00:00.000,97.6,95.6
2002-01-01T00:00:00.000,98.7,96.6
2002-02-01T00:00:00.000,99.7,98.0
2002-03-01T00:00:00.000,98.9,97.0
2002-04-01T00:00:00.000,99.6,97.9
2002-05-01T00:00:00.000,100.9,98.8
2002-06-01T00:00:00.000,101.4,99.1
2002-07-01T00:00:00.000,102.7,99.9
2002-08-01T00:00:00.000,102.4,99.8
2002-09-01T00:00:00.000,102.9,100.1
2002-10-01T00:00:00.000,104.3,101.1
2002-11-01T00:00:00.000,104.6,101.8
2002-12-01T00:00:00.000,104.9,101.8
2003-01-01T00:00:00.000,104.0,101.4
2003-02-01T00:00:00.000,103.1,100.8
2003-03-01T00:00:00.000,103.5,100.6
2003-04-01T00:00:00.000,103.8,99.8
2003-05-01T00:00:00.000,102.8,99.6
2003-06-01T00:00:00.000,102.7,99.7
2003-07-01T00:00:00.000,104.1,101.4
2003-08-01T00:00:00.000,103.6,101.1
2003-09-01T00:00:00.000,104.8,102.3
2003-10-01T00:00:00.000,106.5,103.5
2003-11-01T00:00:00.000,106.0,103.6
2003-12-01T00:00:00.000,108.6,105.8
2004-01-01T00:00:00.000,107.6,105.1
2004-02-01T00:00:00.000,107.8,105.8
2004-03-01T00:00:00.000,110.2,107.8
2004-04-01T00:00:00.000,110.5,108.2
2004-05-01T00:00:00.000,110.2,108.1
2004-06-01T00:00:00.000,110.9,108.9
2004-07-01T00:00:00.000,111.0,108.8
2004-08-01T00:00:00.000,110.0,108.2
2004-09-01T00:00:00.000,110.6,108.6
2004-10-01T00:00:00.000,111.1,109.5
2004-11-01T00:00:00.000,112.0,109.9
2004-12-01T00:00:00.000,111.6,110.2
2005-01-01T00:00:00.000,113.8,112.0
2005-02-01T00:00:00.000,113.0,111.5
2005-03-01T00:00:00.000,112.2,111.1
2005-04-01T00:00:00.000,112.9,111.8
2005-05-01T00:00:00.000,112.2,111.4
2005-06-01T00:00:00.000,111.7,111.0
2005-07-01T00:00:00.000,111.7,111.0
2005-08-01T00:00:00.000,112.5,111.3
2005-09-01T00:00:00.000,111.5,110.9
2005-10-01T00:00:00.000,111.0,110.2
2005-11-01T00:00:00.000,113.7,112.4
2005-12-01T00:00:00.000,112.3,111.1
2006-01-01T00:00:00.000,112.4,111.8
2006-02-01T00:00:00.000,111.5,111.1
2006-03-01T00:00:00.000,112.0,111.5
2006-04-01T00:00:00.000,111.2,111.2
2006-05-01T00:00:00.000,113.5,112.7
2006-06-01T00:00:00.000,113.0,112.5
2006-07-01T00:00:00.000,111.8,111.5
2006-08-01T00:00:00.000,109.6,109.6
2006-09-01T00:00:00.000,112.8,112.3
2006-10-01T00:00:00.000,110.8,110.8
2006-11-01T00:00:00.000,108.5,109.6
2006-12-01T00:00:00.000,110.6,111.2
2007-01-01T00:00:00.000,109.9,110.9
2007-02-01T00:00:00.000,110.5,111.3
2007-03-01T00:00:00.000,111.7,112.5
2007-04-01T00:00:00.000,110.3,111.4
2007-05-01T00:00:00.000,110.4,111.8
2007-06-01T00:00:00.000,109.7,111.3
2007-07-01T00:00:00.000,108.7,110.5
2007-08-01T00:00:00.000,109.6,111.4
2007-09-01T00:00:00.000,109.3,111.3
2007-10-01T00:00:00.000,110.9,112.6
2007-11-01T00:00:00.000,110.7,112.4
2007-12-01T00:00:00.000,110.7,112.2
2008-01-01T00:00:00.000,113.4,114.2
2008-02-01T00:00:00.000,111.1,112.5
2008-03-01T00:00:00.000,109.6,111.5
2008-04-01T00:00:00.000,111.6,113.2
2008-05-01T00:00:00.000,111.3,113.0
2008-06-01T00:00:00.000,109.9,111.7
2008-07-01T00:00:00.000,111.1,112.6
2008-08-01T00:00:00.000,109.0,110.8
2008-09-01T00:00:00.000,107.4,108.7
2008-10-01T00:00:00.000,107.4,108.8
2008-11-01T00:00:00.000,104.2,106.2
2008-12-01T00:00:00.000,100.4,103.4
2009-01-01T00:00:00.000,98.6,101.7
2009-02-01T00:00:00.000,101.1,103.9
2009-03-01T00:00:00.000,95.8,99.4
2009-04-01T00:00:00.000,94.9,99.5
2009-05-01T00:00:00.000,95.1,98.7
2009-06-01T00:00:00.000,96.2,99.9
2009-07-01T00:00:00.000,98.4,101.7
2009-08-01T00:00:00.000,99.2,102.6
2009-09-01T00:00:00.000,99.7,102.7
2009-10-01T00:00:00.000,98.6,101.8
2009-11-01T00:00:00.000,101.3,103.2
2009-12-01T00:00:00.000,101.7,104.2
2010-01-01T00:00:00.000,103.1,105.2
2010-02-01T00:00:00.000,105.2,106.2
2010-03-01T00:00:00.000,105.4,107.0
2010-04-01T00:00:00.000,106.2,107.1
2010-05-01T00:00:00.000,106.3,107.7
2010-06-01T00:00:00.000,106.4,108.1
2010-07-01T00:00:00.000,106.9,108.4
2010-08-01T00:00:00.000,106.7,108.4
2010-09-01T00:00:00.000,107.2,109.0
2010-10-01T00:00:00.000,107.8,109.7
2010-11-01T00:00:00.000,107.3,109.2
2010-12-01T00:00:00.000,108.7,109.8
2011-01-01T00:00:00.000,110.0,111.0
2011-02-01T00:00:00.000,109.4,110.4
2011-03-01T00:00:00.000,110.9,111.6
2011-04-01T00:00:00.000,110.3,111.1
2011-05-01T00:00:00.000,108.5,110.3
2011-06-01T00:00:00.000,110.3,111.4
2011-07-01T00:00:00.000,110.1,111.5
2011-08-01T00:00:00.000,110.6,111.1
2011-09-01T00:00:00.000,111.2,112.1
2011-10-01T00:00:00.000,111.5,112.5
2011-11-01T00:00:00.000,111.8,112.7
2011-12-01T00:00:00.000,114.8,114.9
2012-01-01T00:00:00.000,111.2,112.4
2012-02-01T00:00:00.000,111.7,113.1
2012-03-01T00:00:00.000,111.6,112.8
2012-04-01T00:00:00.000,111.8,112.8
2012-05-01T00:00:00.000,112.7,113.3
2012-06-01T00:00:00.000,113.5,113.8
2012-07-01T00:00:00.000,113.2,113.5
2012-08-01T00:00:00.000,112.5,113.3
2012-09-01T00:00:00.000,111.8,112.9
2012-10-01T00:00:00.000,110.2,111.1
2012-11-01T00:00:00.000,111.8,112.7
2012-12-01T00:00:00.000,111.9,113.1
2013-01-01T00:00:00.000,114.1,115.0
2013-02-01T00:00:00.000,115.6,116.2
2013-03-01T00:00:00.000,115.5,115.4
2013-04-01T00:00:00.000,114.7,115.3
2013-05-01T00:00:00.000,115.7,115.8
2013-06-01T00:00:00.000,116.2,116.4
2013-07-01T00:00:00.000,115.8,116.0
2013-08-01T00:00:00.000,116.3,116.5
2013-09-01T00:00:00.000,116.4,116.5
2013-10-01T00:00:00.000,116.3,116.5
2013-11-01T00:00:00.000,118.7,118.6
2013-12-01T00:00:00.000,117.4,117.1
2014-01-01T00:00:00.000,115.9,116.3
2014-02-01T00:00:00.000,117.8,117.9
2014-03-01T00:00:00.000,119.7,119.6
2014-04-01T00:00:00.000,120.2,119.8
2014-05-01T00:00:00.000,120.7,120.3
2014-06-01T00:00:00.000,119.4,119.1
2014-07-01T00:00:00.000,120.1,119.8
2014-08-01T00:00:00.000,120.4,120.0
2014-09-01T00:00:00.000,121.5,120.9
2014-10-01T00:00:00.000,122.3,121.2
2014-11-01T00:00:00.000,122.9,121.7
2014-12-01T00:00:00.000,122.8,121.9
2015-01-01T00:00:00.000,122.6,121.6
2015-02-01T00:00:00.000,121.7,120.9
2015-03-01T00:00:00.000,122.6,122.0
2015-04-01T00:00:00.000,121.6,121.3
2015-05-01T00:00:00.000,121.7,121.4
2015-06-01T00:00:00.000,121.3,121.4
2015-07-01T00:00:00.000,122.4,122.7
2015-08-01T00:00:00.000,122.9,122.8
2015-09-01T00:00:00.000,123.1,123.0
2015-10-01T00:00:00.000,122.6,122.9
2015-11-01T00:00:00.000,120.7,121.3
2015-12-01T00:00:00.000,120.3,121.6
2016-01-01T00:00:00.000,122.1,122.5
2016-02-01T00:00:00.000,121.4,122.2
2016-03-01T00:00:00.000,120.4,121.1
2016-04-01T00:00:00.000,122.8,122.9
2016-05-01T00:00:00.000,122.0,122.6
2016-06-01T00:00:00.000,122.8,123.4
2016-07-01T00:00:00.000,125.2,124.5
2016-08-01T00:00:00.000,123.2,123.2
2016-09-01T00:00:00.000,121.9,123.0
2016-10-01T00:00:00.000,122.9,123.0
2016-11-01T00:00:00.000,123.0,123.5
2016-12-01T00:00:00.000,124.2,124.4
2017-01-01T00:00:00.000,123.8,124.6
2017-02-01T00:00:00.000,124.6,124.7
2017-03-01T00:00:00.000,124.9,124.9
2017-04-01T00:00:00.000,125.3,125.6
2017-05-01T00:00:00.000,125.9,125.9
2017-06-01T00:00:00.000,125.8,125.7
2017-07-01T00:00:00.000,128.2,127.6
2017-08-01T00:00:00.000,128.9,128.0
2017-09-01T00:00:00.000,128.8,127.3
2017-10-01T00:00:00.000,130.1,129.0
2017-11-01T00:00:00.000,131.7,130.2
2017-12-01T00:00:00.000,133.3,131.1
2018-01-01T00:00:00.000,131.3,130.0
2018-02-01T00:00:00.000,133.7,132.2
2018-03-01T00:00:00.000,135.3,132.8
2018-04-01T00:00:00.000,135.2,133.0
2018-05-01T00:00:00.000,136.2,133.9
2018-06-01T00:00:00.000,136.9,134.6
2018-07-01T00:00:00.000,135.6,133.7
2018-08-01T00:00:00.000,136.2,134.2
2018-09-01T00:00:00.000,138.0,135.1
2018-10-01T00:00:00.000,139.1,136.4
2018-11-01T00:00:00.000,139.2,135.9
2018-12-01T00:00:00.000,137.2,135.0
2019-01-01T00:00:00.000,137.5,135.0
2019-02-01T00:00:00.000,136.3,134.6
2019-03-01T00:00:00.000,136.4,135.5
2019-04-01T00:00:00.000,137.6,135.8
2019-05-01T00:00:00.000,137.4,136.1
2019-06-01T00:00:00.000,136.6,135.6
2019-07-01T00:00:00.000,138.6,136.9
2019-08-01T00:00:00.000,140.7,138.8
2019-09-01T00:00:00.000,137.0,136.4
2019-10-01T00:00:00.000,137.0,136.2
2019-11-01T00:00:00.000,136.7,136.0
2019-12-01T00:00:00.000,135.4,135.5
2020-01-01T00:00:00.000,135.6,135.9
2020-02-01T00:00:00.000,135.1,135.2
2020-03-01T00:00:00.000,133.9,109.1
2020-04-01T00:00:00.000,123.7,81.0
2020-05-01T00:00:00.000,125.5,83.8
2020-06-01T00:00:00.000,128.5,87.6
2020-07-01T00:00:00.000,132.5,92.0
2020-08-01T00:00:00.000,130.8,94.8
2020-09-01T00:00:00.000,131.1,98.4
2020-10-01T00:00:00.000,132.0,98.1
2020-11-01T00:00:00.000,132.3,101.1
2020-12-01T00:00:00.000,133.9,102.2
2021-01-01T00:00:00.000,136.2,105.1
2021-02-01T00:00:00.000,131.7,103.8
2021-03-01T00:00:00.000,134.6,104.4
2021-04-01T00:00:00.000,136.2,107.2
2021-05-01T00:00:00.000,135.1,109.7
2021-06-01T00:00:00.000,134.0,111.4
2021-07-01T00:00:00.000,132.9,112.8
2021-08-01T00:00:00.000,131.7,112.3
2021-09-01T00:00:00.000,132.8,113.6
2021-10-01T00:00:00.000,134.5,115.2
2021-11-01T00:00:00.000,135.5,118.2
2021-12-01T00:00:00.000,136.0,118.5
2022-01-01T00:00:00.000,137.4,116.9
2022-02-01T00:00:00.000,137.4,120.4
2022-03-01T00:00:00.000,139.1,121.6
2022-04-01T00:00:00.000,138.4,122.1
2022-05-01T00:00:00.000,138.0,122.2
2022-06-01T00:00:00.000,138.2,122.7
2022-07-01T00:00:00.000,137.0,121.9
2022-08-01T00:00:00.000,137.8,123.5
2022-09-01T00:00:00.000,138.3,125.1
2022-10-01T00:00:00.000,137.0,124.2
2022-11-01T00:00:00.000,134.7,123.1
2022-12-01T00:00:00.000,135.3,123.5
2023-01-01T00:00:00.000,138.1,126.6
2023-02-01T00:00:00.000,139.0,127.7
2023-03-01T00:00:00.000,137.7,126.3
2023-04-01T00:00:00.000,137.0,126.4
2023-04-01T00:00:00.000,137.0,126.4
2023-05-01T00:00:00.000,136.8,126.7
2023-06-01T00:00:00.000,137.0,126.6
2023-07-01T00:00:00.000,137.7,127.6
2023-08-01T00:00:00.000,137.0,127.7
2023-09-01T00:00:00.000,137.5,128.8
2023-10-01T00:00:00.000,137.7,128.7
2023-11-01T00:00:00.000,137.5,128.7
2023-12-01T00:00:00.000,138.5,129.7
2024-01-01T00:00:00.000,135.2,127.7
2024-02-01T00:00:00.000,136.7,129.0
2024-03-01T00:00:00.000,136.7,129.2
2024-04-01T00:00:00.000,135.2,128.3
2024-05-01T00:00:00.000,138.6,130.7
2024-06-01T00:00:00.000,138.0,131.0
2024-07-01T00:00:00.000,137.3,129.7
2024-08-01T00:00:00.000,138.8,130.9
2024-09-01T00:00:00.000,137.3,130.2
2024-10-01T00:00:00.000,138.3,130.9
2024-11-01T00:00:00.000,137.1,130.4
2024-12-01T00:00:00.000,137.4,130.6
2025-01-01T00:00:00.000,137.8,130.6
2025-02-01T00:00:00.000,136.8,129.9
2025-03-01T00:00:00.000,137.6,130.9
2025-04-01T00:00:00.000,137.5,130.9
2025-05-01T00:00:00.000,136.9,130.6
2025-06-01T00:00:00.000,137.0,130.6
2025-07-01T00:00:00.000,138.5,131.6
2025-08-01T00:00:00.000,138.9,132.3
2025-09-01T00:00:00.000,138.0,131.3
2025-10-01T00:00:00.000,136.7,130.6
2025-11-01T00:00:00.000,137.2,130.7
2025-12-01T00:00:00.000,136.9,130.9
2026-01-01T00:00:00.000,136.3,130.2
2026-02-01T00:00:00.000,138.4,131.7
2026-03-01T00:00:00.000,139.3,132.8
2026-04-01T00:00:00.000,138.2,131.8
2026-05-01T00:00:00.000,135.3,130.2
2026-06-01T00:00:00.000,136.6,131.1
2026-07-01T00:00:00.000,135.7,130.7
2026-08-01T00:00:00.000,,
2026-09-01T00:00:00.000,,
2026-10-01T00:00:00.000,,
