release_cluster_id,decision,final_cause,final_secondary_cause,verified_by,verified_date,notes
FDC-TSI-20160113,unknown,,,Tosin Clement,2026-10-03,"unknown: the release-specific cause was not established by government evidence. This label does not mean that no cause existed. No cause is inferred from the pandemic period, reversal patterns, revision magnitude or nearby freight-only releases. No BTS release page for this vintage was located."
FDC-TSI-20180411,unknown,,,Tosin Clement,2026-10-03,"unknown: the release-specific cause was not established by government evidence. This label does not mean that no cause existed. No cause is inferred from the pandemic period, reversal patterns, revision magnitude or nearby freight-only releases. The Feb 2018 TSI release (2018-04-11) explains the January 2018 and 2017 revisions only; the 2015 revisions are not explained."
FDC-TSI-20180613,unknown,,,Tosin Clement,2026-10-03,"unknown: the release-specific cause was not established by government evidence. This label does not mean that no cause existed. No cause is inferred from the pandemic period, reversal patterns, revision magnitude or nearby freight-only releases. Applies to both events (TSIFRGHT, TSITTL). The Apr 2018 TSI release (2018-06-13) explains the 2018 revisions only."
FDC-TSI-20200709,unknown,,,Tosin Clement,2026-10-03,"unknown: the release-specific cause was not established by government evidence. This label does not mean that no cause existed. No cause is inferred from the pandemic period, reversal patterns, revision magnitude or nearby freight-only releases."
FDC-TSI-20200812,unknown,,,Tosin Clement,2026-10-03,"unknown: the release-specific cause was not established by government evidence. This label does not mean that no cause existed. No cause is inferred from the pandemic period, reversal patterns, revision magnitude or nearby freight-only releases."
FDC-TSI-20200910,unknown,,,Tosin Clement,2026-10-03,"unknown: the release-specific cause was not established by government evidence. This label does not mean that no cause existed. No cause is inferred from the pandemic period, reversal patterns, revision magnitude or nearby freight-only releases. No BTS release page for this vintage was located."
FDC-TSI-20201015,set,advance_to_revised,,Tosin Clement,2026-10-03,"advance_to_revised refers specifically to BTS's documented upstream ATA truck-tonnage revision from an advanced estimate to a final estimate (Aug 2020 TSI release, 2020-10-15). It does not imply that the TSI itself used advance/final terminology. Stated July 2020 values (128.9 -> 132.8) match the data."
FDC-TSI-20210310,unknown,,,Tosin Clement,2026-10-03,"unknown: the release-specific cause was not established by government evidence. This label does not mean that no cause existed. No cause is inferred from the pandemic period, reversal patterns, revision magnitude or nearby freight-only releases. Applies to both events. TSIFRGHT: BTS later established (BTS 17-21 Corrected, 2021-03-30) that the March 10 release contained an incorrect December 2020 value. This event introduced or published that incorrect value; it was not the event that corrected it. Therefore unknown is retained. TSITTL: revisions not addressed by any located BTS source."
FDC-TSI-20210414,set,correction,,Tosin Clement,2026-10-03,correction: the corrected December 2020 value (134.6) appears in this vintage and matches BTS 17-21 Corrected (2021-03-30).
FDC-TSI-20210609,unknown,,,Tosin Clement,2026-10-03,"unknown: the release-specific cause was not established by government evidence. This label does not mean that no cause existed. No cause is inferred from the pandemic period, reversal patterns, revision magnitude or nearby freight-only releases. Release-level decision covers FD-TSITTL-20210609: unknown is retained because the BTS 37-21 explanation is within the freight discussion and is not extended to the combined index without supporting evidence. FD-TSIFRGHT-20210609 is labeled individually by event override (methodology_change)."
FDC-TSI-20230117,unknown,,,Tosin Clement,2026-10-03,"unknown: the release-specific cause was not established by government evidence. This label does not mean that no cause existed. No cause is inferred from the pandemic period, reversal patterns, revision magnitude or nearby freight-only releases. The nearest BTS release (BTS 02-23, 2023-01-12) is freight-only and does not explain this combined-index revision."
FDC-CPI-19720121,unknown,,,Tosin Clement,2026-10-03,"unknown: no government evidence established a release-specific cause. This label does not mean that no cause existed. No cause is inferred from the release date, revision depth, small magnitude or February timing."
FDC-CPI-19730522,unknown,,,Tosin Clement,2026-10-03,"unknown: no government evidence established a release-specific cause. This label does not mean that no cause existed. No cause is inferred from the release date, revision depth, small magnitude or February timing."
FDC-CPI-19740521,unknown,,,Tosin Clement,2026-10-03,"unknown: no government evidence established a release-specific cause. This label does not mean that no cause existed. No cause is inferred from the release date, revision depth, small magnitude or February timing."
FDC-CPI-19741022,unknown,,,Tosin Clement,2026-10-03,"unknown: no government evidence established a release-specific cause. This label does not mean that no cause existed. No cause is inferred from the release date, revision depth, small magnitude or February timing."
FDC-CPI-19741220,unknown,,,Tosin Clement,2026-10-03,"unknown: no government evidence established a release-specific cause. This label does not mean that no cause existed. No cause is inferred from the release date, revision depth, small magnitude or February timing. Applies to both events (CPIAUCSL, CPIAUCNS)."
FDC-CPI-19750521,unknown,,,Tosin Clement,2026-10-03,"unknown: no government evidence established a release-specific cause. This label does not mean that no cause existed. No cause is inferred from the release date, revision depth, small magnitude or February timing."
FDC-CPI-19860225,unknown,,,Tosin Clement,2026-10-03,"unknown: no government evidence established a release-specific cause. This label does not mean that no cause existed. No cause is inferred from the release date, revision depth, small magnitude or February timing."
FDC-CPI-19900221,unknown,,,Tosin Clement,2026-10-03,"unknown: no government evidence established a release-specific cause. This label does not mean that no cause existed. No cause is inferred from the release date, revision depth, small magnitude or February timing."
FDC-MTIS-19990813,set,annual_benchmark,,Tosin Clement,2026-10-03,"Applies to both events (BUSINV, ISRATIO). Census MTIS release CB-99-154 (1999-08-13) states that the retail and wholesale estimates were revised based on results from the 1997 Census of Retail Trade and the 1997 Census of Wholesale Trade. annual_benchmark is the project's benchmark category; the source does not call this an ordinary annual benchmark. Limitations: the server file truncates lines at 140 characters, so the notice is incomplete as quoted; the notice states no revision start month, so no numeric check against the data was possible."
FDC-CPI-19510302,set,methodology_change,,Tosin Clement,2026-10-03,"The BLS evidence (Bulletin 1039, June 29, 1951) supports methodology_change because it documents recalculation back to January 1950 using revised weights, new items and correction of rent bias, and the stated 1.3-point January 1950 difference matches the observed change (166.9 -> 168.2). The bulletin was published after this vintage and does not identify the first publication date of the adjusted series: this is retrospective government evidence supported by an exact numerical match, not a release notice contemporaneous with the vintage. Limitation: the quoted text is FRASER's OCR of the scanned bulletin; OCR/scanning artifacts are preserved."
FDC-MARTS-20070329,set,annual_benchmark,sample_redesign,Tosin Clement,2026-10-03,"annual_benchmark: the applicable Census annual revision report describes the revisions, and its stated revision periods agree with the observed data. Applies to RSAFS, RSXFS, RSAFSNA. Secondary sample_redesign: the 2007 report documents revisions due to the introduction of estimates from the new sample. [Label owner's qualification text was received truncated at: 'Use sample_redesign as a secondary cause only for the 2007 and 2013 releases, where the government reports explicitly document introduction of estimates from a' - remainder to be added when received.] Qualification (appended 2026-10-03 19:13): Use sample_redesign as a secondary cause only for the 2007 and 2013 MARTS releases, where the government reports explicitly document the introduction of estimates from a new or newly selected sample. Do not assign a rebase or classification-change cause merely because a report references NAICS."
FDC-MARTS-20080430,set,annual_benchmark,,Tosin Clement,2026-10-03,"annual_benchmark: the applicable Census annual revision report describes the revisions, and its stated revision periods agree with the observed data. Applies to RSAFS, RSXFS, RSAFSNA. Source: 2008 annual revision summary (located at the 2008 annual-revision page; annpub07.pdf on the server is the March 2007 report). Qualification (appended 2026-10-03 19:13): Use sample_redesign as a secondary cause only for the 2007 and 2013 MARTS releases, where the government reports explicitly document the introduction of estimates from a new or newly selected sample. Do not assign a rebase or classification-change cause merely because a report references NAICS."
FDC-MARTS-20090430,set,annual_benchmark,,Tosin Clement,2026-10-03,"annual_benchmark: the applicable Census annual revision report describes the revisions, and its stated revision periods agree with the observed data. Applies to RSAFS, RSXFS, RSAFSNA. Qualification (appended 2026-10-03 19:13): Use sample_redesign as a secondary cause only for the 2007 and 2013 MARTS releases, where the government reports explicitly document the introduction of estimates from a new or newly selected sample. Do not assign a rebase or classification-change cause merely because a report references NAICS."
FDC-MARTS-20100430,set,annual_benchmark,,Tosin Clement,2026-10-03,"annual_benchmark: the applicable Census annual revision report describes the revisions, and its stated revision periods agree with the observed data. Applies to RSAFS, RSXFS, RSAFSNA. Qualification (appended 2026-10-03 19:13): Use sample_redesign as a secondary cause only for the 2007 and 2013 MARTS releases, where the government reports explicitly document the introduction of estimates from a new or newly selected sample. Do not assign a rebase or classification-change cause merely because a report references NAICS."
FDC-MARTS-20110429,set,annual_benchmark,,Tosin Clement,2026-10-03,"annual_benchmark: the applicable Census annual revision report describes the revisions, and its stated revision periods agree with the observed data. Applies to RSAFS, RSXFS, RSAFSNA. Stated exception preserved: NAICS 722 revisions reach back to January 1995 (seasonally adjusted) and January 1998 (not adjusted). Discrepancy preserved: the RSAFSNA first revised month (1998-02) is one month later than the stated January 1998. Qualification (appended 2026-10-03 19:13): Use sample_redesign as a secondary cause only for the 2007 and 2013 MARTS releases, where the government reports explicitly document the introduction of estimates from a new or newly selected sample. Do not assign a rebase or classification-change cause merely because a report references NAICS."
FDC-MARTS-20130531,set,annual_benchmark,sample_redesign,Tosin Clement,2026-10-03,"annual_benchmark: the applicable Census annual revision report describes the revisions, and its stated revision periods agree with the observed data. Applies to RSAFS, RSXFS, RSAFSNA. Stated: estimates reflect a newly selected sample of businesses on a 2007 NAICS basis; revisions from January 1992 (prior-sample historical corrections; NAICS 446 adjusted). Observed starts 1992-05/1992-06 lie inside the stated range. Secondary sample_redesign as documented in the report. [Label owner's qualification text was received truncated at: 'Use sample_redesign as a secondary cause only for the 2007 and 2013 releases, where the government reports explicitly document introduction of estimates from a' - remainder to be added when received.] Qualification (appended 2026-10-03 19:13): Use sample_redesign as a secondary cause only for the 2007 and 2013 MARTS releases, where the government reports explicitly document the introduction of estimates from a new or newly selected sample. Do not assign a rebase or classification-change cause merely because a report references NAICS."
FDC-MARTS-20150513,set,annual_benchmark,,Tosin Clement,2026-10-03,"annual_benchmark: the applicable Census annual revision report describes the revisions, and its stated revision periods agree with the observed data. Applies to RSAFS, RSXFS, RSAFSNA. Stated exception preserved: NAICS levels affected by the NAICS 443112 revision adjusted from January 2000 (observed seasonally adjusted start 2000-02). Qualification (appended 2026-10-03 19:13): Use sample_redesign as a secondary cause only for the 2007 and 2013 MARTS releases, where the government reports explicitly document the introduction of estimates from a new or newly selected sample. Do not assign a rebase or classification-change cause merely because a report references NAICS."
FDC-MARTS-20160715,unknown,,,Tosin Clement,2026-10-03,"unknown: no government evidence established a release-specific cause. This label does not mean that no cause existed. Applies to RSAFS, RSXFS. The 2016 annual revision is the separate release FDC-MARTS-20160513. Qualification (appended 2026-10-03 19:13): use unknown because the identified annual revisions occurred in separate releases and no government evidence establishes a cause for these particular vintages."
FDC-MRTS-20180314,unknown,,,Tosin Clement,2026-10-03,unknown: no government evidence established a release-specific cause. This label does not mean that no cause existed. The 2018 annual revision is the separate release FDC-MRTS-20180525. Qualification (appended 2026-10-03 19:13): use unknown because the identified annual revisions occurred in separate releases and no government evidence establishes a cause for these particular vintages.
FDC-M3-19980729,unknown,,,Tosin Clement,2026-10-03,"unknown: no government evidence established a release-specific cause. This label does not mean that no cause existed. A later Census report ties the timing to the revised historical series released July 21, 1998, but no located source states the kind of revision. Qualification (appended 2026-10-03 19:13): the later report connects the data to a revised historical series but does not establish what caused that revision. Timing alone is insufficient, so retain unknown."
FDC-M3-20020424,unknown,,,Tosin Clement,2026-10-03,"unknown: no government evidence established a release-specific cause. This label does not mean that no cause existed. The located notice announces a benchmark revision for June 19, 2002, after this vintage. Qualification (appended 2026-10-03 19:13): the notice concerning a June 19, 2002 benchmark revision occurs after this vintage and does not explain this event. Retain unknown."
FDC-MTIS-19980514,unknown,,,Tosin Clement,2026-10-03,"unknown: no government evidence established a release-specific cause. This label does not mean that no cause existed. Applies to BUSINV, ISRATIO. Qualification (appended 2026-10-03 19:13): absence of a revision explanation means the release-specific cause was not established. Do not infer a cause from the data pattern or surrounding releases."
FDC-MTIS-20000512,unknown,,,Tosin Clement,2026-10-03,"unknown: no government evidence established a release-specific cause. This label does not mean that no cause existed. Applies to BUSINV, ISRATIO. The archive copy of the release holds data tables only. Qualification (appended 2026-10-03 19:13): absence of a revision explanation means the release-specific cause was not established. Do not infer a cause from the data pattern or surrounding releases."
FDC-MTIS-20000614,unknown,,,Tosin Clement,2026-10-03,"unknown: no government evidence established a release-specific cause. This label does not mean that no cause existed. Applies to BUSINV, ISRATIO. The archive copy of the release holds data tables only. Qualification (appended 2026-10-03 19:13): absence of a revision explanation means the release-specific cause was not established. Do not infer a cause from the data pattern or surrounding releases."
FDC-MTIS-20010614,set,rebase_or_definition,,Tosin Clement,2026-10-03,"Applies to BUSINV, ISRATIO. Census MTIS special notice: this and all subsequent releases use NAICS in place of SIC; series from January 1992 were released on a NAICS basis. Observed earliest revised month 1992-01 matches. Qualification (appended 2026-10-03 19:13): use rebase_or_definition because the official notice explicitly states that the data changed from SIC to NAICS and that series from January 1992 were released on the NAICS basis. The observed revision start matches January 1992."
FDC-CPI-20030221,set,seasonal_factor_recompute,,Tosin Clement,2026-10-03,Applies to CPIAUCSL and CPILFESL. Group A qualifications: The annual BLS documentation establishes that seasonal factors are recalculated and the previous five years of seasonally adjusted indexes may be revised. The observed revisions fall within that stated window. A first observed change later than January of the stated first year does not contradict the five-year window when earlier values did not change at published precision. Do not infer that every value within the five-year period changed; the evidence supports the recalculation process and permissible revision window. Timing: the supporting BLS release (2003-02-21) is dated on the snapshot date (2003-02-21).
FDC-CPI-20040220,set,seasonal_factor_recompute,,Tosin Clement,2026-10-03,Applies to CPIAUCSL and CPILFESL. Group A qualifications: The annual BLS documentation establishes that seasonal factors are recalculated and the previous five years of seasonally adjusted indexes may be revised. The observed revisions fall within that stated window. A first observed change later than January of the stated first year does not contradict the five-year window when earlier values did not change at published precision. Do not infer that every value within the five-year period changed; the evidence supports the recalculation process and permissible revision window. Timing: the supporting BLS release (2004-02-20) is dated on the snapshot date (2004-02-20).
FDC-CPI-20050218,set,seasonal_factor_recompute,,Tosin Clement,2026-10-03,"Applies to CPIAUCSL and CPILFESL. Group A qualifications: The annual BLS documentation establishes that seasonal factors are recalculated and the previous five years of seasonally adjusted indexes may be revised. The observed revisions fall within that stated window. A first observed change later than January of the stated first year does not contradict the five-year window when earlier values did not change at published precision. Do not infer that every value within the five-year period changed; the evidence supports the recalculation process and permissible revision window. Timing limitation: the supporting BLS release (Consumer Price Index news release (2005-02-23), 2005-02-23) is dated 5 days after the data snapshot (2005-02-18); it is treated as retrospective documentation of the revision. No government source located establishes that the document or the recalculated factors were publicly available on the snapshot date."
FDC-CPI-20060217,set,seasonal_factor_recompute,,Tosin Clement,2026-10-03,"Applies to CPIAUCSL and CPILFESL. Group A qualifications: The annual BLS documentation establishes that seasonal factors are recalculated and the previous five years of seasonally adjusted indexes may be revised. The observed revisions fall within that stated window. A first observed change later than January of the stated first year does not contradict the five-year window when earlier values did not change at published precision. Do not infer that every value within the five-year period changed; the evidence supports the recalculation process and permissible revision window. Timing limitation: the supporting BLS release (Consumer Price Index news release (2006-02-22), 2006-02-22) is dated 5 days after the data snapshot (2006-02-17); it is treated as retrospective documentation of the revision. No government source located establishes that the document or the recalculated factors were publicly available on the snapshot date."
FDC-CPI-20070216,set,seasonal_factor_recompute,,Tosin Clement,2026-10-03,"Applies to CPIAUCSL and CPILFESL. Group A qualifications: The annual BLS documentation establishes that seasonal factors are recalculated and the previous five years of seasonally adjusted indexes may be revised. The observed revisions fall within that stated window. A first observed change later than January of the stated first year does not contradict the five-year window when earlier values did not change at published precision. Do not infer that every value within the five-year period changed; the evidence supports the recalculation process and permissible revision window. Timing limitation: the supporting BLS release (Consumer Price Index news release (2007-02-21), 2007-02-21) is dated 5 days after the data snapshot (2007-02-16); it is treated as retrospective documentation of the revision. No government source located establishes that the document or the recalculated factors were publicly available on the snapshot date."
FDC-CPI-20080215,set,seasonal_factor_recompute,,Tosin Clement,2026-10-03,"Applies to CPIAUCSL and CPILFESL. Group A qualifications: The annual BLS documentation establishes that seasonal factors are recalculated and the previous five years of seasonally adjusted indexes may be revised. The observed revisions fall within that stated window. A first observed change later than January of the stated first year does not contradict the five-year window when earlier values did not change at published precision. Do not infer that every value within the five-year period changed; the evidence supports the recalculation process and permissible revision window. Timing limitation: the supporting BLS release (Consumer Price Index news release (2008-02-20), 2008-02-20) is dated 5 days after the data snapshot (2008-02-15); it is treated as retrospective documentation of the revision. No government source located establishes that the document or the recalculated factors were publicly available on the snapshot date."
FDC-CPI-20090218,set,seasonal_factor_recompute,,Tosin Clement,2026-10-03,"Applies to CPIAUCSL and CPILFESL. Group A qualifications: The annual BLS documentation establishes that seasonal factors are recalculated and the previous five years of seasonally adjusted indexes may be revised. The observed revisions fall within that stated window. A first observed change later than January of the stated first year does not contradict the five-year window when earlier values did not change at published precision. Do not infer that every value within the five-year period changed; the evidence supports the recalculation process and permissible revision window. Timing limitation: the supporting BLS release (Consumer Price Index news release (2009-02-20), 2009-02-20) is dated 2 days after the data snapshot (2009-02-18); it is treated as retrospective documentation of the revision. No government source located establishes that the document or the recalculated factors were publicly available on the snapshot date."
FDC-CPI-20100217,set,seasonal_factor_recompute,,Tosin Clement,2026-10-03,"Applies to CPIAUCSL and CPILFESL. Group A qualifications: The annual BLS documentation establishes that seasonal factors are recalculated and the previous five years of seasonally adjusted indexes may be revised. The observed revisions fall within that stated window. A first observed change later than January of the stated first year does not contradict the five-year window when earlier values did not change at published precision. Do not infer that every value within the five-year period changed; the evidence supports the recalculation process and permissible revision window. Timing limitation: the supporting BLS release (Consumer Price Index news release (2010-02-19), 2010-02-19) is dated 2 days after the data snapshot (2010-02-17); it is treated as retrospective documentation of the revision. No government source located establishes that the document or the recalculated factors were publicly available on the snapshot date."
FDC-CPI-20110215,set,seasonal_factor_recompute,,Tosin Clement,2026-10-03,"Applies to CPIAUCSL and CPILFESL. Group A qualifications: The annual BLS documentation establishes that seasonal factors are recalculated and the previous five years of seasonally adjusted indexes may be revised. The observed revisions fall within that stated window. A first observed change later than January of the stated first year does not contradict the five-year window when earlier values did not change at published precision. Do not infer that every value within the five-year period changed; the evidence supports the recalculation process and permissible revision window. Timing limitation: the supporting BLS release (Consumer Price Index news release (2011-02-17), 2011-02-17) is dated 2 days after the data snapshot (2011-02-15); it is treated as retrospective documentation of the revision. No government source located establishes that the document or the recalculated factors were publicly available on the snapshot date."
FDC-CPI-20120215,set,seasonal_factor_recompute,,Tosin Clement,2026-10-03,"Applies to CPIAUCSL and CPILFESL. Group A qualifications: The annual BLS documentation establishes that seasonal factors are recalculated and the previous five years of seasonally adjusted indexes may be revised. The observed revisions fall within that stated window. A first observed change later than January of the stated first year does not contradict the five-year window when earlier values did not change at published precision. Do not infer that every value within the five-year period changed; the evidence supports the recalculation process and permissible revision window. Timing limitation: the supporting BLS release (Consumer Price Index news release (2012-02-17), 2012-02-17) is dated 2 days after the data snapshot (2012-02-15); it is treated as retrospective documentation of the revision. No government source located establishes that the document or the recalculated factors were publicly available on the snapshot date."
FDC-CPI-20130219,set,seasonal_factor_recompute,,Tosin Clement,2026-10-03,"Applies to CPIAUCSL and CPILFESL. Group A qualifications: The annual BLS documentation establishes that seasonal factors are recalculated and the previous five years of seasonally adjusted indexes may be revised. The observed revisions fall within that stated window. A first observed change later than January of the stated first year does not contradict the five-year window when earlier values did not change at published precision. Do not infer that every value within the five-year period changed; the evidence supports the recalculation process and permissible revision window. Timing limitation: the supporting BLS release (Consumer Price Index news release (2013-02-21), 2013-02-21) is dated 2 days after the data snapshot (2013-02-19); it is treated as retrospective documentation of the revision. No government source located establishes that the document or the recalculated factors were publicly available on the snapshot date."
FDC-CPI-20140218,set,seasonal_factor_recompute,,Tosin Clement,2026-10-03,"Applies to CPIAUCSL and CPILFESL. Group A qualifications: The annual BLS documentation establishes that seasonal factors are recalculated and the previous five years of seasonally adjusted indexes may be revised. The observed revisions fall within that stated window. A first observed change later than January of the stated first year does not contradict the five-year window when earlier values did not change at published precision. Do not infer that every value within the five-year period changed; the evidence supports the recalculation process and permissible revision window. Timing limitation: the supporting BLS release (Consumer Price Index news release (2014-02-20), 2014-02-20) is dated 2 days after the data snapshot (2014-02-18); it is treated as retrospective documentation of the revision. No government source located establishes that the document or the recalculated factors were publicly available on the snapshot date."
FDC-CPI-20150220,set,seasonal_factor_recompute,,Tosin Clement,2026-10-03,"Applies to CPIAUCSL and CPILFESL. Group A qualifications: The annual BLS documentation establishes that seasonal factors are recalculated and the previous five years of seasonally adjusted indexes may be revised. The observed revisions fall within that stated window. A first observed change later than January of the stated first year does not contradict the five-year window when earlier values did not change at published precision. Do not infer that every value within the five-year period changed; the evidence supports the recalculation process and permissible revision window. Timing limitation: the supporting BLS release (Consumer Price Index news release (2015-02-26), 2015-02-26) is dated 6 days after the data snapshot (2015-02-20); it is treated as retrospective documentation of the revision. No government source located establishes that the document or the recalculated factors were publicly available on the snapshot date."
FDC-CPI-20160219,set,seasonal_factor_recompute,,Tosin Clement,2026-10-03,Applies to CPIAUCSL and CPILFESL. Group A qualifications: The annual BLS documentation establishes that seasonal factors are recalculated and the previous five years of seasonally adjusted indexes may be revised. The observed revisions fall within that stated window. A first observed change later than January of the stated first year does not contradict the five-year window when earlier values did not change at published precision. Do not infer that every value within the five-year period changed; the evidence supports the recalculation process and permissible revision window. Timing: the supporting BLS release (2016-02-19) is dated on the snapshot date (2016-02-19).
FDC-CPI-20170213,set,seasonal_factor_recompute,,Tosin Clement,2026-10-03,"Applies to CPIAUCSL and CPILFESL. Group A qualifications: The annual BLS documentation establishes that seasonal factors are recalculated and the previous five years of seasonally adjusted indexes may be revised. The observed revisions fall within that stated window. A first observed change later than January of the stated first year does not contradict the five-year window when earlier values did not change at published precision. Do not infer that every value within the five-year period changed; the evidence supports the recalculation process and permissible revision window. Timing limitation: the supporting BLS release (Consumer Price Index news release (2017-02-15), 2017-02-15) is dated 2 days after the data snapshot (2017-02-13); it is treated as retrospective documentation of the revision. No government source located establishes that the document or the recalculated factors were publicly available on the snapshot date."
FDC-CPI-20180214,set,seasonal_factor_recompute,,Tosin Clement,2026-10-03,Applies to CPIAUCSL and CPILFESL. Group A qualifications: The annual BLS documentation establishes that seasonal factors are recalculated and the previous five years of seasonally adjusted indexes may be revised. The observed revisions fall within that stated window. A first observed change later than January of the stated first year does not contradict the five-year window when earlier values did not change at published precision. Do not infer that every value within the five-year period changed; the evidence supports the recalculation process and permissible revision window. Timing: the supporting BLS release (2018-02-14) is dated on the snapshot date (2018-02-14).
FDC-CPI-20190211,set,seasonal_factor_recompute,,Tosin Clement,2026-10-03,"Applies to CPIAUCSL and CPILFESL. Group A qualifications: The annual BLS documentation establishes that seasonal factors are recalculated and the previous five years of seasonally adjusted indexes may be revised. The observed revisions fall within that stated window. A first observed change later than January of the stated first year does not contradict the five-year window when earlier values did not change at published precision. Do not infer that every value within the five-year period changed; the evidence supports the recalculation process and permissible revision window. Timing limitation: the supporting BLS release (Consumer Price Index news release (2019-02-13), 2019-02-13) is dated 2 days after the data snapshot (2019-02-11); it is treated as retrospective documentation of the revision. No government source located establishes that the document or the recalculated factors were publicly available on the snapshot date."
FDC-CPI-20200211,set,seasonal_factor_recompute,,Tosin Clement,2026-10-03,"Applies to CPIAUCSL and CPILFESL. Group A qualifications: The annual BLS documentation establishes that seasonal factors are recalculated and the previous five years of seasonally adjusted indexes may be revised. The observed revisions fall within that stated window. A first observed change later than January of the stated first year does not contradict the five-year window when earlier values did not change at published precision. Do not infer that every value within the five-year period changed; the evidence supports the recalculation process and permissible revision window. Timing limitation: the supporting BLS release (Consumer Price Index news release (2020-02-13), 2020-02-13) is dated 2 days after the data snapshot (2020-02-11); it is treated as retrospective documentation of the revision. No government source located establishes that the document or the recalculated factors were publicly available on the snapshot date."
FDC-CPI-20210208,set,seasonal_factor_recompute,,Tosin Clement,2026-10-03,"Applies to CPIAUCSL and CPILFESL. Group A qualifications: The annual BLS documentation establishes that seasonal factors are recalculated and the previous five years of seasonally adjusted indexes may be revised. The observed revisions fall within that stated window. A first observed change later than January of the stated first year does not contradict the five-year window when earlier values did not change at published precision. Do not infer that every value within the five-year period changed; the evidence supports the recalculation process and permissible revision window. Timing limitation: the supporting BLS release (Consumer Price Index news release (2021-02-10), 2021-02-10) is dated 2 days after the data snapshot (2021-02-08); it is treated as retrospective documentation of the revision. No government source located establishes that the document or the recalculated factors were publicly available on the snapshot date."
FDC-CPI-20220208,set,seasonal_factor_recompute,,Tosin Clement,2026-10-03,"Applies to CPIAUCSL and CPILFESL. Group A qualifications: The annual BLS documentation establishes that seasonal factors are recalculated and the previous five years of seasonally adjusted indexes may be revised. The observed revisions fall within that stated window. A first observed change later than January of the stated first year does not contradict the five-year window when earlier values did not change at published precision. Do not infer that every value within the five-year period changed; the evidence supports the recalculation process and permissible revision window. Timing limitation: the supporting BLS release (Consumer Price Index news release (2022-02-10), 2022-02-10) is dated 2 days after the data snapshot (2022-02-08); it is treated as retrospective documentation of the revision. No government source located establishes that the document or the recalculated factors were publicly available on the snapshot date."
FDC-CPI-20230210,set,seasonal_factor_recompute,,Tosin Clement,2026-10-03,"Applies to CPIAUCSL and CPILFESL. Group A qualifications: The annual BLS documentation establishes that seasonal factors are recalculated and the previous five years of seasonally adjusted indexes may be revised. The observed revisions fall within that stated window. A first observed change later than January of the stated first year does not contradict the five-year window when earlier values did not change at published precision. Do not infer that every value within the five-year period changed; the evidence supports the recalculation process and permissible revision window. Timing limitation: the supporting BLS release (Consumer Price Index news release (2023-02-14), 2023-02-14) is dated 4 days after the data snapshot (2023-02-10); it is treated as retrospective documentation of the revision. BLS states that recalculated seasonally adjusted indexes and factors were made available on Friday, February 10, 2023, the snapshot date."
FDC-CPI-20240209,set,seasonal_factor_recompute,,Tosin Clement,2026-10-03,"Applies to CPIAUCSL and CPILFESL. Group A qualifications: The annual BLS documentation establishes that seasonal factors are recalculated and the previous five years of seasonally adjusted indexes may be revised. The observed revisions fall within that stated window. A first observed change later than January of the stated first year does not contradict the five-year window when earlier values did not change at published precision. Do not infer that every value within the five-year period changed; the evidence supports the recalculation process and permissible revision window. Timing limitation: the supporting BLS release (Consumer Price Index news release (2024-02-13), 2024-02-13) is dated 4 days after the data snapshot (2024-02-09); it is treated as retrospective documentation of the revision. No government source located establishes that the document or the recalculated factors were publicly available on the snapshot date."
FDC-CPI-20250212,set,seasonal_factor_recompute,,Tosin Clement,2026-10-03,Applies to CPIAUCSL and CPILFESL. Group A qualifications: The annual BLS documentation establishes that seasonal factors are recalculated and the previous five years of seasonally adjusted indexes may be revised. The observed revisions fall within that stated window. A first observed change later than January of the stated first year does not contradict the five-year window when earlier values did not change at published precision. Do not infer that every value within the five-year period changed; the evidence supports the recalculation process and permissible revision window. Timing: the supporting BLS release (2025-02-12) is dated on the snapshot date (2025-02-12).
FDC-CPI-20260213,set,seasonal_factor_recompute,,Tosin Clement,2026-10-03,Applies to CPIAUCSL and CPILFESL. Group A qualifications: The annual BLS documentation establishes that seasonal factors are recalculated and the previous five years of seasonally adjusted indexes may be revised. The observed revisions fall within that stated window. A first observed change later than January of the stated first year does not contradict the five-year window when earlier values did not change at published precision. Do not infer that every value within the five-year period changed; the evidence supports the recalculation process and permissible revision window. Timing: the supporting BLS release (2026-02-13) is dated on the snapshot date (2026-02-13).
FDC-CPI-20020220,set,methodology_change,,Tosin Clement,2026-10-03,Applies to CPIAUCSL and CPILFESL. The BLS timeline attributes the January 1987-December 2001 revision to changed aggregation weights for dependently adjusted series; that supports methodology_change. No secondary cause: the evidence does not establish seasonal-factor recomputation as a separate cause of these two events. The supporting timeline is a retrospective BLS source rather than the contemporaneous 2002 release. The observed January 1987 start matches the period stated by BLS.
FDC-CPI-20161018,set,correction,,Tosin Clement,2026-10-03,"Applies to CPIAUCSL, CPILFESL and CPIAUCNS. The BLS errata explicitly states that the affected indexes were incorrect as published for May through August 2016, and the observed revised months match that period. The inclusion of the unadjusted index is consistent with the documented underlying price error. The small magnitude does not weaken the correction classification."
