series_id,vintage_date,n_obs,first_obs,last_obs,vintage_sha256
MRTSSM44X72USS,2017-11-15,309,1992-01-01,2017-09-01,50e2da94994c71d8e93d6176c170cd42185c4878c878f8e3ce23dfcbc6391809
MRTSSM44X72USS,2017-12-14,310,1992-01-01,2017-10-01,ccaa393e44ad2b004a378e5cfddd6ed0996bce56fd4fa0f6903ec3b31a030e7c
MRTSSM44X72USS,2018-01-12,311,1992-01-01,2017-11-01,4c61018ffd6d8d9b42aab3b2038575822ab1edb075173c9da922654455ca6c6e
MRTSSM44X72USS,2018-02-14,312,1992-01-01,2017-12-01,815f67b3199f75a11c20423171031931a3fc5d14c30fdbceffeb8db21af32d4f
MRTSSM44X72USS,2018-03-14,313,1992-01-01,2018-01-01,aa01ea47a734ecfe95e9a2807b00d0b14c9787b7484bd4e0c26ae0fbc9663955
MRTSSM44X72USS,2018-04-16,314,1992-01-01,2018-02-01,2b61f1aaf23b347cef21430b4c30ab98bff33d6fd8224ef09dd138423775d72f
MRTSSM44X72USS,2018-05-15,315,1992-01-01,2018-03-01,c4a720694484f491ec87399182c362423d71fc0f1bc821d24873ed79512af07d
MRTSSM44X72USS,2018-05-25,315,1992-01-01,2018-03-01,d94215b304265a33076e8dd16b4bf9e2588c874c4fab1920df93df59bcc6709e
MRTSSM44X72USS,2018-06-14,316,1992-01-01,2018-04-01,597f94183e74816ea93d123b1156ba458b55d55729c4278b3bdce1c51575af15
MRTSSM44X72USS,2018-07-16,317,1992-01-01,2018-05-01,ded466945584f79ce74260e24b7c77e2fd76ee6ccaa7d42bf3245b60da51dfd6
MRTSSM44X72USS,2018-08-15,318,1992-01-01,2018-06-01,487077ff54f01158f3d0935b80f37e0ef67c6a211027522a52b95149f4283de5
MRTSSM44X72USS,2018-09-14,319,1992-01-01,2018-07-01,64a70f822abecd091356025cca3b2a65e05d36c3117ac0a321e2bbbb5efc3ef8
MRTSSM44X72USS,2018-10-15,320,1992-01-01,2018-08-01,7fea91e46f2520ce8c43aeccf29c399d05c14a93734920fd70dba6d77b6728fe
MRTSSM44X72USS,2018-11-15,321,1992-01-01,2018-09-01,e6797d28bef0ed40dc6d8870afa2f84893d6bc0180a70e420de47ae9d88b89b9
MRTSSM44X72USS,2018-12-14,322,1992-01-01,2018-10-01,47f6529c33bf881728b3d59b80ae6697363a3639962464f8015aaa67229b049a
MRTSSM44X72USS,2019-02-14,323,1992-01-01,2018-11-01,c36546b96c4f5b22af6b80121fd6bf031b76e91dc0ec60aa1264d242d6f3ee5d
MRTSSM44X72USS,2019-03-11,324,1992-01-01,2018-12-01,e84424eac224a2e649071b3c0a8e98da17f499b2db9ef45bbebb6e647f6b2fec
MRTSSM44X72USS,2019-04-01,325,1992-01-01,2019-01-01,06aae3588e6d028060e2d1cb51b3eb205e9cea151ae230bc1892858898c5b031
MRTSSM44X72USS,2019-04-18,326,1992-01-01,2019-02-01,ad7ac0cfc5ffa469eb4146851a9c44e109f265aa68357cb305ec924aadc2e370
MRTSSM44X72USS,2019-05-15,327,1992-01-01,2019-03-01,0ada165a196ff3e4602bf6719df83404ea52ea464d430c44ffdbe484c7f6de0a
MRTSSM44X72USS,2019-06-14,328,1992-01-01,2019-04-01,2aa61e0f4471b341b6efbcca1789dddaad3c39ad04ed20927ef74984f3b22306
MRTSSM44X72USS,2019-07-16,329,1992-01-01,2019-05-01,8b30581c60aec2d4d204fa70cd8c1252991b907b21e3034da1e6d42f0fe7d43e
MRTSSM44X72USS,2019-08-15,330,1992-01-01,2019-06-01,c17e055b3464a2fbdca05f84d78fa40f684ca33f3df73f8014ecf7bc7a4a216a
MRTSSM44X72USS,2019-09-13,331,1992-01-01,2019-07-01,992041e5732324ad33bd6ac71a8217f1b372ec7a97b2a1ed192919e0a625e87f
MRTSSM44X72USS,2019-10-16,332,1992-01-01,2019-08-01,c834c48b5cee78795b66898dd434fbfe4cee0dbdf770cfe5b4bc3bbcbc41b58e
MRTSSM44X72USS,2019-11-15,333,1992-01-01,2019-09-01,d98ee670892810d20a5160cafe4a3e9746fe4b779676a421d64a240b3ef05cd8
MRTSSM44X72USS,2019-12-13,334,1992-01-01,2019-10-01,29a9da3b2118351adcd9c6c52d9a44e60bd0bb691b4c08dfe38d34bdcdf93e56
MRTSSM44X72USS,2020-01-16,335,1992-01-01,2019-11-01,ccb9b3f851dc7905c6facbb44124b5fe414bff567d61b26f86cf6fa9924fefae
MRTSSM44X72USS,2020-02-14,336,1992-01-01,2019-12-01,9d94d8e62cc4619228f9e5cfd2eabef3d399ce93a8bc01911d9b2f69119b8c99
MRTSSM44X72USS,2020-03-17,337,1992-01-01,2020-01-01,818fa822465df70af1d03beb0e7e5652d91780bb4c31abf759f0aa4b970a16f6
MRTSSM44X72USS,2020-04-15,338,1992-01-01,2020-02-01,ef8f2148434c5022369f6e816098bc4e62b725d5eb4da5df2824ef0cdce54c8d
MRTSSM44X72USS,2020-05-15,339,1992-01-01,2020-03-01,c2dbe7b4cc748c505471b7e9338802b08dec6d477e01138737b6de44afd0fa50
MRTSSM44X72USS,2020-06-16,340,1992-01-01,2020-04-01,16ee3184eb562517e9fdc5cc85f6d93cb309062e033b4dbf9ef7630bfbff7dcc
MRTSSM44X72USS,2020-07-16,341,1992-01-01,2020-05-01,dc59628329433ae467e6dca3e6b7068a18732d5fa52d8b437c92451b66db2496
MRTSSM44X72USS,2020-08-14,342,1992-01-01,2020-06-01,55a073d203f4897ef868f9479cd3dc3e14eca8a1107558aa7fef5a50395f0149
MRTSSM44X72USS,2020-09-16,343,1992-01-01,2020-07-01,efdc7b93527cf45af3e22e5150bfef107a7a6f4af88c372f67ad21219a6abe45
MRTSSM44X72USS,2020-10-16,344,1992-01-01,2020-08-01,4f4d58747eda31386288a24afc9051da7e3d68492c13ecdb7f0b39be116c1d2c
MRTSSM44X72USS,2020-11-17,345,1992-01-01,2020-09-01,6cd41ee3bfabe3fd13c6b6e44e064806ef2c9175770281a27d525c60dd129300
MRTSSM44X72USS,2020-12-16,346,1992-01-01,2020-10-01,98cdec190572f5b94fc20dbff69385e3f6059eff444a046119fe9fdca923e33a
MRTSSM44X72USS,2021-01-15,347,1992-01-01,2020-11-01,5ca7284fa03dd24cdac5f353cbfd6b03da8b42a47e1f458fd23b5839d1dc6606
MRTSSM44X72USS,2021-02-17,348,1992-01-01,2020-12-01,9836f0193139b345bf3a33a54ee1fe8ce34f5a9091fc6b8e2285285ed672db6a
MRTSSM44X72USS,2021-03-16,349,1992-01-01,2021-01-01,b4d6d9f4a0718f3dda76eed1228439159be0899ec864d28b835cbfc4e1d397f1
MRTSSM44X72USS,2021-04-15,350,1992-01-01,2021-02-01,47b712f76c672a66991a8b5c22386f1d64c6d88b26e20fee615ba61d3b17062f
MRTSSM44X72USS,2021-04-26,350,1992-01-01,2021-02-01,813db4f82eb998ac997b7c29fb0546de45615713456a81e36b492537d57896a7
MRTSSM44X72USS,2021-05-14,351,1992-01-01,2021-03-01,afabcc0b45239ba90285e30906ef9b06058f7b73639350cb03648c42e316d3cc
MRTSSM44X72USS,2021-06-15,352,1992-01-01,2021-04-01,97506ce1c819d8c0fcdc2746f41952f4e37181226c46a221d35ce9b6277c4cf1
MRTSSM44X72USS,2021-07-16,353,1992-01-01,2021-05-01,aa3c2a9b777ff27a3b1e3d45f8d866f136188b32dbf1632768dfa248605d3509
MRTSSM44X72USS,2021-08-17,354,1992-01-01,2021-06-01,e2d8581b3d7309d2e8c2a856855195fa9645e19ba850b9aca79194b5fec0ca5f
MRTSSM44X72USS,2021-09-16,355,1992-01-01,2021-07-01,458a2408b1cad99f7fc22f4933a1a2104684fd9c8f4e254c14b48b6d850cfe41
MRTSSM44X72USS,2021-10-15,356,1992-01-01,2021-08-01,901a8dd71c6089813b709d07926c2c0588aa6f074eb7baf1f29474365a6fc207
MRTSSM44X72USS,2021-11-16,357,1992-01-01,2021-09-01,5ba9ea060f8d119379739db3a05745a3e56c70428219b1e8e7a6a1da08400300
MRTSSM44X72USS,2021-12-15,358,1992-01-01,2021-10-01,4ea373f3b5aed36dafab0b55f455b3b56cc34f74b307cbe2348f8527d64de2a6
MRTSSM44X72USS,2022-01-14,359,1992-01-01,2021-11-01,2ac25e5a18ef17c635f7d6dc2511aabeccfa912d2a7198ea8c7e7e4f0346f838
MRTSSM44X72USS,2022-02-16,360,1992-01-01,2021-12-01,abdec0f155361b7a60f8552c7d779d7aa6f51b2f0a3741abf768e50abe0ba4ce
MRTSSM44X72USS,2022-03-16,361,1992-01-01,2022-01-01,cee545f235fcf0dab9a04ac877144423bd2e501253e7ce82c33343bbdf6f88e0
MRTSSM44X72USS,2022-04-14,362,1992-01-01,2022-02-01,624366a8413868d5c46e2508ed3d953da2fcc6ccf6d11bddbd40bc6c5b00b84c
MRTSSM44X72USS,2022-04-25,362,1992-01-01,2022-02-01,a0a545f796a3c7358007d83f2edbf60c46db83362c2baa24ac054dc80e247932
MRTSSM44X72USS,2022-05-17,363,1992-01-01,2022-03-01,36adf3302039d058a76789a0bf19a4c399b7081b2aa1ee749c84e0693b12c2d6
MRTSSM44X72USS,2022-06-15,364,1992-01-01,2022-04-01,f32099c619d2d5dd2bb37f6174dc9ab904203b7eaa7c3d0643a134501f2dc06b
MRTSSM44X72USS,2022-07-15,365,1992-01-01,2022-05-01,dffd01e056b611137d2dfcfab6beccc02fb66ea05507a8cc0754051844a4691d
MRTSSM44X72USS,2022-08-17,366,1992-01-01,2022-06-01,c58d7d27c48cbf5b89432f4e5afac840d23c69fab087576bf8dbf83f51101432
MRTSSM44X72USS,2022-09-15,367,1992-01-01,2022-07-01,48c578bf6ababe015d14e62fa9e47117d2c9b33bfa3d7c5851da977b02af6bb6
MRTSSM44X72USS,2022-10-14,368,1992-01-01,2022-08-01,f6556725fc1eec950c7e4de21df9e4a9838cc1472f70b7d582d9db20e3cd67e4
MRTSSM44X72USS,2022-11-16,369,1992-01-01,2022-09-01,d78f2f6ed2c1ef5b2bd5262539e6d406a7baa44ea5a6c72b87e57e2709edea7a
MRTSSM44X72USS,2022-12-15,370,1992-01-01,2022-10-01,be4ff0169a15cc04d582488c736e4440ab4f3bfdcac3b55220157a65b1864205
MRTSSM44X72USS,2023-01-18,371,1992-01-01,2022-11-01,afc5c9a4dd52d7fe991c374ad943850311d7a4cc54ba0f0916e1713164c00af3
MRTSSM44X72USS,2023-02-15,372,1992-01-01,2022-12-01,36c67a0aa5663228f461670b3fe4d92fb090396c25c233967b88969a3b83ed40
MRTSSM44X72USS,2023-03-15,373,1992-01-01,2023-01-01,bb1f26227f6628d83cab67a721f3958784802e6735142f37a5292cb28f703dcb
MRTSSM44X72USS,2023-04-14,374,1992-01-01,2023-02-01,ecafad5e5c4e85ee88a48108899b4f8db3bc3efa86e71bbbfbf7ab4fa5d492c0
MRTSSM44X72USS,2023-04-24,374,1992-01-01,2023-02-01,c9a38139d86aafe6c7593e59fd6fcff4ff6c5c6a81fa2fc00bdcc2de0e27e7a9
MRTSSM44X72USS,2023-05-16,375,1992-01-01,2023-03-01,51af41f02b9bed7d4a425b85b84bb1c3c3d529168f1a1a5a43f4d103bd48f845
MRTSSM44X72USS,2023-06-15,376,1992-01-01,2023-04-01,50e5cd42d19eea2169a3cc10b4c182ea10af4a4ace0493dc30ea9c31237ba15e
MRTSSM44X72USS,2023-07-18,377,1992-01-01,2023-05-01,2f25de0419948f9c2f2b7a0bc4a7417b3d14e219e37ee0b1f95428fd58fcc819
MRTSSM44X72USS,2023-08-15,378,1992-01-01,2023-06-01,2e9bd5235f351b885ba84a6df2acaf11d684fc5d4c5a4d61272c6849abfd6116
MRTSSM44X72USS,2023-09-14,379,1992-01-01,2023-07-01,f2326cf9f52849341b62bcec6690ce3496b724e6aa3ffe9cba297d7920aabf08
MRTSSM44X72USS,2023-10-17,380,1992-01-01,2023-08-01,983c2fdc87aeb6c9c07c453243c41041cb4de65be93cf902f19dbb63c9a88e87
MRTSSM44X72USS,2023-11-15,381,1992-01-01,2023-09-01,bebad1dafc632cf0bb0b4add80d809c08a0aa8a7ea84bad74d108551531fd50a
MRTSSM44X72USS,2023-12-14,382,1992-01-01,2023-10-01,4a818aa9d5e5ad325abc88ad9c1ab0dba89e486a3ec6a9a32c505b6145c0a2e7
MRTSSM44X72USS,2024-01-17,383,1992-01-01,2023-11-01,9d552cf308d1f2bab29ba6470a7c8dcd82fbd585cac608c3a89d42dc6bd219df
MRTSSM44X72USS,2024-02-15,384,1992-01-01,2023-12-01,7d95c4b54533912680cec32b706b3a43f5d43129d8e2fdc913d52c038f246ad3
MRTSSM44X72USS,2024-03-14,385,1992-01-01,2024-01-01,02d7955a35bc81a708f700d462a8e0de6db3de875daea8f0b37c5aa0b70eff37
MRTSSM44X72USS,2024-04-15,386,1992-01-01,2024-02-01,4cba12a49a6c75781407b75afe76204f4aa09bf4c82334ce7e2a66ecc67f4eb2
MRTSSM44X72USS,2024-04-23,386,1992-01-01,2024-02-01,20538e353b42b045bbb8edf288dcd6625344de80ceecc4640c07be94cc828247
MRTSSM44X72USS,2024-05-15,387,1992-01-01,2024-03-01,dbbf4ee659d92bae7c6ed0992f0ee29400b6bf41569450cfbc48588567810c59
MRTSSM44X72USS,2024-06-18,388,1992-01-01,2024-04-01,0d8ceed487da9b544b8a956bb3e442619e17bd5813982db883482c880d7c1804
MRTSSM44X72USS,2024-07-16,389,1992-01-01,2024-05-01,69d7d603b5a3c67686ea4ecffae62f21f896caf12aae03aec3cc92e6fc2e8186
MRTSSM44X72USS,2024-08-15,390,1992-01-01,2024-06-01,b69c615e734dbcdf8817596b9560af5b2a606d315efcfd2cb06e1d2e1fe8e1f4
MRTSSM44X72USS,2024-09-17,391,1992-01-01,2024-07-01,9473e1856ccf54df63289ba2644b5a77c724d6d34e0ac89d17f7ac82ca132695
MRTSSM44X72USS,2024-10-17,392,1992-01-01,2024-08-01,4c64521351af89db7f8e8bfb73797775b1ca87389ed7c1fd3a93db8721c7e1ef
MRTSSM44X72USS,2024-11-15,393,1992-01-01,2024-09-01,06a8bc226b862e60223f5c30462b0e61d9d2ed1a770adcb81f1279ee8f6fe8bb
MRTSSM44X72USS,2024-12-17,394,1992-01-01,2024-10-01,59662c0a026a80ca8397f87244659f5289a6c89763805d9d46021c193ebea768
MRTSSM44X72USS,2025-01-16,395,1992-01-01,2024-11-01,016f2abfebc692cecb976694f238716a47f1fcf1707c22b4dadcac326150c9c8
MRTSSM44X72USS,2025-02-14,396,1992-01-01,2024-12-01,a18a4728492640f09ccaa137360f2f9e4bfd79aa16d03a95f6329c4212acb833
MRTSSM44X72USS,2025-03-17,397,1992-01-01,2025-01-01,b674e8d809e4d1409230be45847902e7c4dbec04cf851e841e8e783de9b312db
MRTSSM44X72USS,2025-04-16,398,1992-01-01,2025-02-01,667f6eee590c8fd073767bb88215fe3a43d48be92a26519d3842cc4f2702809c
MRTSSM44X72USS,2025-04-25,398,1992-01-01,2025-02-01,83102c77e3052333f68f7c70abb4b21fa76048d91bd5666153aa7817798b641e
MRTSSM44X72USS,2025-05-15,399,1992-01-01,2025-03-01,be19b003decdbda790b4712b9b186833093826ffe067c3595f34334b67e9ce5f
MRTSSM44X72USS,2025-06-17,400,1992-01-01,2025-04-01,c5a9804c0c1677d8964b3a5dbffed4aa839f51f1f29241540499839bc0c21a15
MRTSSM44X72USS,2025-07-17,401,1992-01-01,2025-05-01,f666399a30e8ae0cf63d052fb1ec4fcd500a35274e674a2982f41addfd334ed4
MRTSSM44X72USS,2025-08-15,402,1992-01-01,2025-06-01,31501d61bf9a2924aedb4b29cd8a2be5596cb17e260ebd570503137dae1807ab
MRTSSM44X72USS,2025-09-16,403,1992-01-01,2025-07-01,9ca0578b4d6ee22d344dfc55d30ec23086e7d8dfee86bd9da91de1e7b1cf4282
MRTSSM44X72USS,2025-11-25,404,1992-01-01,2025-08-01,b122ba0a0bc9d40450b761f1840fa3b0ef25694f0764dbdc31324b8859bc714b
MRTSSM44X72USS,2025-12-16,405,1992-01-01,2025-09-01,e2edd63984394a2205fe2f3115e4460dbe04b0759dcafb13c59b20134e8cc0b0
MRTSSM44X72USS,2026-01-14,406,1992-01-01,2025-10-01,8ed199f9fe102b6e6e51cb65b90a5130fc4f2170e5bacf809b604cbef3e25174
MRTSSM44X72USS,2026-02-10,407,1992-01-01,2025-11-01,fa64c2a052863f266847814a86dd3d44fa4e7ebd8b3ca680b8385a61c490c7c0
MRTSSM44X72USS,2026-03-06,408,1992-01-01,2025-12-01,9d39a51749dfbfe4490164469615a9dfc9244fca9229ff2d53776a199b01849a
MRTSSM44X72USS,2026-04-01,409,1992-01-01,2026-01-01,6b492c4028eee2b0dd5e0986168761ed87d8342a45610c7aafdea3a4051d28af
MRTSSM44X72USS,2026-04-21,410,1992-01-01,2026-02-01,41417f0c37f27ba014f173d16ec31ca39f853fb4de852044bef196a8769ca9db
MRTSSM44X72USS,2026-05-14,411,1992-01-01,2026-03-01,813e248114bdf4aa295887ef30ef05462740f2d354751526a49f13826aa92e68
MRTSSM44X72USS,2026-06-17,412,1992-01-01,2026-04-01,42f4af747817564c90843615ca36f46a3ea2016b450a3089061906d29eec4752
MRTSSM44X72USS,2026-07-16,413,1992-01-01,2026-05-01,274b20aacb3db2421133c75ccfa9a7ba55ede7b6ee57935712cba287974aed01
MRTSSM44X72USS,2026-08-14,414,1992-01-01,2026-06-01,adb78ec585b3b9932c2ed95068d30dd8fe69c8fd4320aabe0b5b0fc3102ce5f7
MRTSSM44X72USS,2026-09-16,415,1992-01-01,2026-07-01,2495cad8974ea37e98451f678d78fd73e6e9401b42080ad5a5e6757b1fd27d40
